"Site Time","METER - PRODUCTION (A-North) Kilowatt hours","METER - PRODUCTION (B-South) Kilowatt hours","Site Performance Estimate Kilowatt hours"
01-01-2026 00:00:00,-0.3,0,0
01-01-2026 01:00:00,-0.2,0,0
01-01-2026 02:00:00,-0.3,0,0
01-01-2026 03:00:00,-0.3,0,0
01-01-2026 04:00:00,-0.3,0,0
01-01-2026 05:00:00,-0.2,0,0
01-01-2026 06:00:00,-0.3,-0.1,0
01-01-2026 07:00:00,15.4,22.3,16.984
01-01-2026 08:00:00,71.7,102.5,408.095
01-01-2026 09:00:00,109.3,157.7,957.908
01-01-2026 10:00:00,186.6,266.3,1348.484
01-01-2026 11:00:00,249.1,356.8,1532.203
01-01-2026 12:00:00,207.9,296.5,1510.654
01-01-2026 13:00:00,201.8,289.7,1284.385
01-01-2026 14:00:00,180.5,261.4,857.072
01-01-2026 15:00:00,85.4,124.1,304.759
01-01-2026 16:00:00,11.4,17.3,0
01-01-2026 17:00:00,-0.5,-0.2,0
01-01-2026 18:00:00,-0.3,0,0
01-01-2026 19:00:00,-0.2,0,0
01-01-2026 20:00:00,-0.3,0,0
01-01-2026 21:00:00,-0.3,0,0
01-01-2026 22:00:00,-0.2,0,0
01-01-2026 23:00:00,-0.3,0,0
01-02-2026 00:00:00,-0.3,0,0
01-02-2026 01:00:00,-0.3,0,0
01-02-2026 02:00:00,-0.3,0,0
01-02-2026 03:00:00,-0.2,0,0
01-02-2026 04:00:00,-0.3,0,0
01-02-2026 05:00:00,-0.3,0,0
01-02-2026 06:00:00,-0.2,0,0
01-02-2026 07:00:00,11.1,15.6,16.828
01-02-2026 08:00:00,76.2,110.6,408.259
01-02-2026 09:00:00,238.9,358.3,960.367
01-02-2026 10:00:00,469.1,701.9,1353.267
01-02-2026 11:00:00,581.2,872.8,1538.912
01-02-2026 12:00:00,599.1,902.9,1518.932
01-02-2026 13:00:00,462.4,705.3,1293.9
01-02-2026 14:00:00,283.2,425.5,867.18
01-02-2026 15:00:00,106.2,164.1,313.127
01-02-2026 16:00:00,11.8,18,0
01-02-2026 17:00:00,-0.5,-0.4,0
01-02-2026 18:00:00,-0.2,0,0
01-02-2026 19:00:00,-0.2,0,0
01-02-2026 20:00:00,-0.3,0,0
01-02-2026 21:00:00,-0.2,0,0
01-02-2026 22:00:00,-0.3,0,0
01-02-2026 23:00:00,-0.3,0,0
01-03-2026 00:00:00,-0.2,0,0
01-03-2026 01:00:00,-0.3,0,0
01-03-2026 02:00:00,-0.3,0,0
01-03-2026 03:00:00,-0.2,0,0
01-03-2026 04:00:00,-0.3,0,0
01-03-2026 05:00:00,-0.2,0,0
01-03-2026 06:00:00,-0.3,0,0
01-03-2026 07:00:00,5.9,9.2,16.743
01-03-2026 08:00:00,63.6,91.4,408.597
01-03-2026 09:00:00,187.6,282.5,962.726
01-03-2026 10:00:00,253.8,373.4,1357.702
01-03-2026 11:00:00,500.5,760.2,1545.143
01-03-2026 12:00:00,313.7,471.6,1526.728
01-03-2026 13:00:00,290.8,438.6,1303.06
01-03-2026 14:00:00,151.4,228.7,877.178
01-03-2026 15:00:00,92.5,142.7,321.669
01-03-2026 16:00:00,6.8,11.4,1.452
01-03-2026 17:00:00,-0.5,-0.2,0
01-03-2026 18:00:00,-0.2,0,0
01-03-2026 19:00:00,-0.3,0,0
01-03-2026 20:00:00,-0.2,0,0
01-03-2026 21:00:00,-0.3,0,0
01-03-2026 22:00:00,-0.2,0,0
01-03-2026 23:00:00,-0.3,0,0
01-04-2026 00:00:00,-0.2,0,0
01-04-2026 01:00:00,-0.3,0,0
01-04-2026 02:00:00,-0.2,0,0
01-04-2026 03:00:00,-0.3,0,0
01-04-2026 04:00:00,-0.3,0,0
01-04-2026 05:00:00,-0.2,0,0
01-04-2026 06:00:00,-0.3,-0.1,0
01-04-2026 07:00:00,18,27.6,16.732
01-04-2026 08:00:00,131.4,197.8,409.159
01-04-2026 09:00:00,262.6,395,965.094
01-04-2026 10:00:00,479.2,721.7,1361.937
01-04-2026 11:00:00,613.6,931.6,1551.06
01-04-2026 12:00:00,502.8,765.1,1534.201
01-04-2026 13:00:00,437.3,663.1,1311.993
01-04-2026 14:00:00,243.9,371.9,887.146
01-04-2026 15:00:00,71.5,110.5,330.408
01-04-2026 16:00:00,5.4,9.3,3.493
01-04-2026 17:00:00,-0.7,-0.2,0
01-04-2026 18:00:00,-0.3,0,0
01-04-2026 19:00:00,-0.2,0,0
01-04-2026 20:00:00,-0.3,0,0
01-04-2026 21:00:00,-0.2,0,0
01-04-2026 22:00:00,-0.3,-0.1,0
01-04-2026 23:00:00,-0.3,0.1,0
01-05-2026 00:00:00,-0.2,0,0
01-05-2026 01:00:00,-0.3,0,0
01-05-2026 02:00:00,-0.2,0,0
01-05-2026 03:00:00,-0.3,0,0
01-05-2026 04:00:00,-0.3,0,0
01-05-2026 05:00:00,-0.2,0,0
01-05-2026 06:00:00,-0.3,0,0
01-05-2026 07:00:00,24.3,36.1,16.796
01-05-2026 08:00:00,106.9,158.7,409.973
01-05-2026 09:00:00,241.8,363.5,967.531
01-05-2026 10:00:00,453.7,690,1366.054
01-05-2026 11:00:00,536,812.7,1556.752
01-05-2026 12:00:00,431.5,655,1541.435
01-05-2026 13:00:00,464.7,706.3,1320.765
01-05-2026 14:00:00,295.2,460,897.119
01-05-2026 15:00:00,70.8,109.8,339.348
01-05-2026 16:00:00,7.6,12.8,5.672
01-05-2026 17:00:00,-0.5,-0.1,0
01-05-2026 18:00:00,-0.3,0,0
01-05-2026 19:00:00,-0.2,0,0
01-05-2026 20:00:00,-0.3,0,0
01-05-2026 21:00:00,-0.3,0,0
01-05-2026 22:00:00,-0.2,0,0
01-05-2026 23:00:00,-0.3,0,0
01-06-2026 00:00:00,-0.2,0,0
01-06-2026 01:00:00,-0.3,0,0
01-06-2026 02:00:00,-0.2,0,0
01-06-2026 03:00:00,-0.3,0,0
01-06-2026 04:00:00,-0.2,0,0
01-06-2026 05:00:00,-0.3,0,0
01-06-2026 06:00:00,-0.2,0,0
01-06-2026 07:00:00,4.9,8.3,16.936
01-06-2026 08:00:00,91.8,134.2,411.076
01-06-2026 09:00:00,262.4,394.4,970.122
01-06-2026 10:00:00,448.2,674.1,1370.171
01-06-2026 11:00:00,523.8,792.4,1562.351
01-06-2026 12:00:00,491.9,697.5,1548.556
01-06-2026 13:00:00,191.4,297.5,1329.48
01-06-2026 14:00:00,65.2,99.8,907.161
01-06-2026 15:00:00,26.6,41.9,348.509
01-06-2026 16:00:00,1.5,3.8,7.306
01-06-2026 17:00:00,-0.5,0,0
01-06-2026 18:00:00,-0.2,0,0
01-06-2026 19:00:00,-0.3,0,0
01-06-2026 20:00:00,-0.3,0,0
01-06-2026 21:00:00,-0.3,0,0
01-06-2026 22:00:00,-0.2,0,0
01-06-2026 23:00:00,-0.3,0,0
01-07-2026 00:00:00,-0.3,0,0
01-07-2026 01:00:00,-0.3,0,0
01-07-2026 02:00:00,-0.3,0,0
01-07-2026 03:00:00,-0.2,0,0
01-07-2026 04:00:00,-0.3,0,0
01-07-2026 05:00:00,-0.3,0,0
01-07-2026 06:00:00,-0.3,0,0
01-07-2026 07:00:00,9.9,14.5,17.15
01-07-2026 08:00:00,48.6,71.3,412.442
01-07-2026 09:00:00,110.8,156.7,972.805
01-07-2026 10:00:00,182.7,268.3,1374.198
01-07-2026 11:00:00,260.8,380.2,1567.752
01-07-2026 12:00:00,430.7,629.5,1555.459
01-07-2026 13:00:00,468.8,731.1,1338.04
01-07-2026 14:00:00,246.5,391.9,917.198
01-07-2026 15:00:00,66.5,106.1,357.854
01-07-2026 16:00:00,12.5,20.7,8.99
01-07-2026 17:00:00,-0.6,-0.4,0
01-07-2026 18:00:00,-0.3,0,0
01-07-2026 19:00:00,-0.2,0,0
01-07-2026 20:00:00,-0.3,0,0
01-07-2026 21:00:00,-0.3,0,0
01-07-2026 22:00:00,-0.3,0,0
01-07-2026 23:00:00,-0.3,0,0
01-08-2026 00:00:00,-0.2,0,0
01-08-2026 01:00:00,-0.3,0,0
01-08-2026 02:00:00,-0.3,0,0
01-08-2026 03:00:00,-0.3,0,0
01-08-2026 04:00:00,-0.3,0,0
01-08-2026 05:00:00,-0.2,0,0
01-08-2026 06:00:00,-0.3,0,0
01-08-2026 07:00:00,10.8,16.4,17.439
01-08-2026 08:00:00,85.1,128.1,414.072
01-08-2026 09:00:00,158.9,240.5,975.583
01-08-2026 10:00:00,205.3,310.1,1378.137
01-08-2026 11:00:00,278.6,420.3,1572.956
01-08-2026 12:00:00,191.8,293.5,1562.139
01-08-2026 13:00:00,99.6,153.1,1346.438
01-08-2026 14:00:00,52.4,80,927.216
01-08-2026 15:00:00,28,44.4,367.372
01-08-2026 16:00:00,0.8,2.2,10.753
01-08-2026 17:00:00,-0.3,0.1,0
01-08-2026 18:00:00,-0.4,0,0
01-08-2026 19:00:00,-0.1,0,0
01-08-2026 20:00:00,-0.3,0,0
01-08-2026 21:00:00,-0.3,0,0
01-08-2026 22:00:00,-0.3,-0.1,0
01-08-2026 23:00:00,-0.2,0.1,0
01-09-2026 00:00:00,-0.3,0,0
01-09-2026 01:00:00,-0.2,0,0
01-09-2026 02:00:00,-0.3,0,0
01-09-2026 03:00:00,-0.3,0,0
01-09-2026 04:00:00,-0.3,0,0
01-09-2026 05:00:00,-0.3,0,0
01-09-2026 06:00:00,-0.2,0,0
01-09-2026 07:00:00,1.4,2.6,17.802
01-09-2026 08:00:00,66.7,100.4,415.971
01-09-2026 09:00:00,148.2,223.8,978.464
01-09-2026 10:00:00,93.9,144.4,1381.998
01-09-2026 11:00:00,424.6,624.5,1577.971
01-09-2026 12:00:00,424,632.8,1568.602
01-09-2026 13:00:00,412.8,657.4,1354.672
01-09-2026 14:00:00,209.1,313.5,937.206
01-09-2026 15:00:00,41.3,64,377.052
01-09-2026 16:00:00,4.9,8.3,12.587
01-09-2026 17:00:00,-0.6,-0.2,0
01-09-2026 18:00:00,-0.3,0,0
01-09-2026 19:00:00,-0.2,0,0
01-09-2026 20:00:00,-0.3,0,0
01-09-2026 21:00:00,-0.3,0,0
01-09-2026 22:00:00,-0.3,0,0
01-09-2026 23:00:00,-0.2,0,0
01-10-2026 00:00:00,-0.3,0,0
01-10-2026 01:00:00,-0.3,0,0
01-10-2026 02:00:00,-0.3,0,0
01-10-2026 03:00:00,-0.2,0,0
01-10-2026 04:00:00,-0.3,0,0
01-10-2026 05:00:00,-0.3,0,0
01-10-2026 06:00:00,-0.3,-0.1,0
01-10-2026 07:00:00,0.1,1.1,18.238
01-10-2026 08:00:00,24.3,38.4,418.139
01-10-2026 09:00:00,81.5,122.4,981.452
01-10-2026 10:00:00,85.8,134.8,1385.788
01-10-2026 11:00:00,197.4,298.3,1582.806
01-10-2026 12:00:00,202,306.8,1574.852
01-10-2026 13:00:00,249,435.7,1362.74
01-10-2026 14:00:00,182.1,273.7,947.16
01-10-2026 15:00:00,71.1,113.7,386.881
01-10-2026 16:00:00,15.9,25.5,14.483
01-10-2026 17:00:00,-0.6,-0.3,0
01-10-2026 18:00:00,-0.2,0,0
01-10-2026 19:00:00,-0.3,0,0
01-10-2026 20:00:00,-0.4,0,0
01-10-2026 21:00:00,-0.2,0,0
01-10-2026 22:00:00,-0.2,0,0
01-10-2026 23:00:00,-0.3,0,0
01-11-2026 00:00:00,-0.3,0,0
01-11-2026 01:00:00,-0.2,0,0
01-11-2026 02:00:00,-0.3,0,0
01-11-2026 03:00:00,-0.2,0,0
01-11-2026 04:00:00,-0.3,0,0
01-11-2026 05:00:00,-0.2,0,0
01-11-2026 06:00:00,-0.3,0,0
01-11-2026 07:00:00,2.8,5.1,18.747
01-11-2026 08:00:00,59.3,89.4,420.578
01-11-2026 09:00:00,105.7,161.1,984.554
01-11-2026 10:00:00,193.7,287,1389.515
01-11-2026 11:00:00,349.2,526.6,1587.468
01-11-2026 12:00:00,290.4,442.8,1580.895
01-11-2026 13:00:00,216.2,328.7,1370.643
01-11-2026 14:00:00,165.2,249.9,957.069
01-11-2026 15:00:00,85.1,131.4,396.85
01-11-2026 16:00:00,12.9,21.2,16.435
01-11-2026 17:00:00,-0.6,-0.5,0
01-11-2026 18:00:00,-0.3,0,0
01-11-2026 19:00:00,-0.3,0,0
01-11-2026 20:00:00,-0.2,0,0
01-11-2026 21:00:00,-0.3,0,0
01-11-2026 22:00:00,-0.2,0,0
01-11-2026 23:00:00,-0.3,0,0
01-12-2026 00:00:00,-0.2,0,0
01-12-2026 01:00:00,-0.3,0,0
01-12-2026 02:00:00,-0.3,0,0
01-12-2026 03:00:00,-0.2,0,0
01-12-2026 04:00:00,-0.3,0,0
01-12-2026 05:00:00,-0.3,0,0
01-12-2026 06:00:00,-0.2,0,0
01-12-2026 07:00:00,14.6,21.9,19.328
01-12-2026 08:00:00,135.2,200.1,423.29
01-12-2026 09:00:00,319.3,478.4,987.774
01-12-2026 10:00:00,512.3,776.2,1393.188
01-12-2026 11:00:00,672.9,1020.4,1591.965
01-12-2026 12:00:00,666.3,1016,1586.736
01-12-2026 13:00:00,546.4,840.7,1378.38
01-12-2026 14:00:00,273.5,432.9,966.924
01-12-2026 15:00:00,69.2,108.3,406.945
01-12-2026 16:00:00,16.9,27.4,18.437
01-12-2026 17:00:00,-0.6,-0.1,0
01-12-2026 18:00:00,-0.3,0,0
01-12-2026 19:00:00,-0.2,0,0
01-12-2026 20:00:00,-0.3,0,0
01-12-2026 21:00:00,-0.3,0,0
01-12-2026 22:00:00,-0.2,0,0
01-12-2026 23:00:00,-0.3,0,0
01-13-2026 00:00:00,-0.3,0,0
01-13-2026 01:00:00,-0.2,0,0
01-13-2026 02:00:00,-0.3,0,0
01-13-2026 03:00:00,-0.2,0,0
01-13-2026 04:00:00,-0.3,0,0
01-13-2026 05:00:00,-0.3,0,0
01-13-2026 06:00:00,-0.2,0,0
01-13-2026 07:00:00,14.4,22.7,19.979
01-13-2026 08:00:00,62.5,94.6,426.274
01-13-2026 09:00:00,119,178.2,991.116
01-13-2026 10:00:00,285.6,423.1,1396.814
01-13-2026 11:00:00,413.8,622,1596.306
01-13-2026 12:00:00,429.3,649.6,1592.381
01-13-2026 13:00:00,422.2,646.1,1385.951
01-13-2026 14:00:00,216.3,334.5,976.718
01-13-2026 15:00:00,118.8,182.5,417.155
01-13-2026 16:00:00,15.7,25.7,20.485
01-13-2026 17:00:00,-0.6,-0.2,0
01-13-2026 18:00:00,-0.3,0,0
01-13-2026 19:00:00,-0.2,0,0
01-13-2026 20:00:00,-0.3,0,0
01-13-2026 21:00:00,-0.4,0,0
01-13-2026 22:00:00,-0.2,0,0
01-13-2026 23:00:00,-0.3,0,0
01-14-2026 00:00:00,-0.2,0,0
01-14-2026 01:00:00,-0.3,0,0
01-14-2026 02:00:00,-0.3,0,0
01-14-2026 03:00:00,-0.2,0,0
01-14-2026 04:00:00,-0.3,0,0
01-14-2026 05:00:00,-0.3,0,0
01-14-2026 06:00:00,-0.2,0,0
01-14-2026 07:00:00,-0.3,-0.1,20.708
01-14-2026 08:00:00,6.3,8.6,429.699
01-14-2026 09:00:00,26.6,35.9,994.977
01-14-2026 10:00:00,61.5,80.7,1400.953
01-14-2026 11:00:00,86.9,115.5,1599.295
01-14-2026 12:00:00,80.6,101.9,1596.802
01-14-2026 13:00:00,111.2,136.2,1393.906
01-14-2026 14:00:00,71.7,87.5,986.832
01-14-2026 15:00:00,32.8,39.8,427.637
01-14-2026 16:00:00,6,7,22.582
01-14-2026 17:00:00,-0.7,-0.3,0
01-14-2026 18:00:00,-0.3,0,0
01-14-2026 19:00:00,-0.2,0,0
01-14-2026 20:00:00,-0.3,0,0
01-14-2026 21:00:00,-0.3,0,0
01-14-2026 22:00:00,-0.3,0,0
01-14-2026 23:00:00,-0.2,0,0
01-15-2026 00:00:00,-0.3,0,0
01-15-2026 01:00:00,-0.3,0,0
01-15-2026 02:00:00,-0.3,0,0
01-15-2026 03:00:00,-0.2,0,0
01-15-2026 04:00:00,-0.3,0,0
01-15-2026 05:00:00,-0.3,0,0
01-15-2026 06:00:00,-0.3,0,0
01-15-2026 07:00:00,6.6,7.2,21.513
01-15-2026 08:00:00,15.8,53.4,433.531
01-15-2026 09:00:00,153.9,79.7,999.274
01-15-2026 10:00:00,246.9,186.8,1405.488
01-15-2026 11:00:00,315.7,278.9,1601.241
01-15-2026 12:00:00,371.2,337.7,1600.17
01-15-2026 13:00:00,355.6,352.5,1402.126
01-15-2026 14:00:00,242.6,258.1,997.18
01-15-2026 15:00:00,105.8,107.7,438.351
01-15-2026 16:00:00,52,50.7,24.727
01-15-2026 17:00:00,18.5,17.7,0
01-15-2026 18:00:00,5.1,4.4,0
01-15-2026 19:00:00,5,4.4,0
01-15-2026 20:00:00,5.1,4.4,0
01-15-2026 21:00:00,5.1,4.5,0
01-15-2026 22:00:00,5.1,4.4,0
01-15-2026 23:00:00,5.1,4.5,0
01-16-2026 00:00:00,5.1,4.5,0
01-16-2026 01:00:00,5.1,4.4,0
01-16-2026 02:00:00,5.1,4.5,0
01-16-2026 03:00:00,5.1,4.5,0
01-16-2026 04:00:00,5.1,4.4,0
01-16-2026 05:00:00,5.1,4.5,0
01-16-2026 06:00:00,5,4.3,0
01-16-2026 07:00:00,27.6,27.9,22.481
01-16-2026 08:00:00,42.8,46.3,439.492
01-16-2026 09:00:00,55.5,64.3,1007.961
01-16-2026 10:00:00,85.3,110.9,1415.975
01-16-2026 11:00:00,85.5,103,1608.611
01-16-2026 12:00:00,128.8,137.8,1608.42
01-16-2026 13:00:00,138,132.1,1416.168
01-16-2026 14:00:00,146.2,148.8,1011.726
01-16-2026 15:00:00,76.9,78.1,451.063
01-16-2026 16:00:00,44.1,42.9,27.023
01-16-2026 17:00:00,15.3,14,0
01-16-2026 18:00:00,5.1,4.5,0
01-16-2026 19:00:00,5.1,4.4,0
01-16-2026 20:00:00,5.1,4.5,0
01-16-2026 21:00:00,5.1,4.5,0
01-16-2026 22:00:00,5.1,4.5,0
01-16-2026 23:00:00,5.2,4.5,0
01-17-2026 00:00:00,5.1,4.5,0
01-17-2026 01:00:00,5.2,4.5,0
01-17-2026 02:00:00,5.2,4.5,0
01-17-2026 03:00:00,5,4.4,0
01-17-2026 04:00:00,5.1,4.4,0
01-17-2026 05:00:00,5.1,4.4,0
01-17-2026 06:00:00,5.2,4.4,0
01-17-2026 07:00:00,48.2,44,23.61
01-17-2026 08:00:00,100.6,83.6,447.398
01-17-2026 09:00:00,163.5,131.2,1020.548
01-17-2026 10:00:00,178.6,153.7,1431.706
01-17-2026 11:00:00,304.5,242.3,1621.675
01-17-2026 12:00:00,425.1,380.4,1622.339
01-17-2026 13:00:00,325.8,361,1435.357
01-17-2026 14:00:00,184.4,212.8,1030.04
01-17-2026 15:00:00,139.2,141.7,465.648
01-17-2026 16:00:00,49.7,59.1,31.028
01-17-2026 17:00:00,18.3,19.5,0
01-17-2026 18:00:00,5.1,4.5,0
01-17-2026 19:00:00,5.1,4.5,0
01-17-2026 20:00:00,5.2,4.5,0
01-17-2026 21:00:00,5.1,4.5,0
01-17-2026 22:00:00,5.1,4.5,0
01-17-2026 23:00:00,5.3,4.5,0
01-18-2026 00:00:00,5.2,4.5,0
01-18-2026 01:00:00,5.3,4.5,0
01-18-2026 02:00:00,5.3,4.6,0
01-18-2026 03:00:00,5.3,4.5,0
01-18-2026 04:00:00,5.2,4.5,0
01-18-2026 05:00:00,5.3,4.5,0
01-18-2026 06:00:00,5.2,4.5,0
01-18-2026 07:00:00,18,46.1,24.826
01-18-2026 08:00:00,98,121.9,455.745
01-18-2026 09:00:00,221.7,252.5,1033.564
01-18-2026 10:00:00,352.1,381.2,1447.797
01-18-2026 11:00:00,333.6,368.7,1633.328
01-18-2026 12:00:00,417.5,444.6,1634.212
01-18-2026 13:00:00,284.4,289.1,1454.816
01-18-2026 14:00:00,181.3,179.4,1048.646
01-18-2026 15:00:00,87.7,86.5,480.576
01-18-2026 16:00:00,43.9,42.5,36.264
01-18-2026 17:00:00,18.5,16,0
01-18-2026 18:00:00,4.9,4.3,0
01-18-2026 19:00:00,4.9,4.3,0
01-18-2026 20:00:00,4.9,4.3,0
01-18-2026 21:00:00,4.9,4.3,0
01-18-2026 22:00:00,4.9,4.3,0
01-18-2026 23:00:00,5,4.3,0
01-19-2026 00:00:00,4.9,4.4,0
01-19-2026 01:00:00,5,4.3,0
01-19-2026 02:00:00,4.9,4.4,0
01-19-2026 03:00:00,5,4.3,0
01-19-2026 04:00:00,5,4.4,0
01-19-2026 05:00:00,4.9,4.3,0
01-19-2026 06:00:00,5.8,4.6,0
01-19-2026 07:00:00,57.1,51.4,26.129
01-19-2026 08:00:00,135.3,120.7,464.505
01-19-2026 09:00:00,300.7,273.3,1046.932
01-19-2026 10:00:00,460.1,407.9,1464.137
01-19-2026 11:00:00,526.8,493.8,1644.054
01-19-2026 12:00:00,539.8,512.2,1645.41
01-19-2026 13:00:00,477.3,432.4,1474.429
01-19-2026 14:00:00,324.2,296.1,1067.458
01-19-2026 15:00:00,140.8,140.8,495.805
01-19-2026 16:00:00,67,64.6,41.337
01-19-2026 17:00:00,22,21.2,0
01-19-2026 18:00:00,5,4.3,0
01-19-2026 19:00:00,5,4.4,0
01-19-2026 20:00:00,5,4.3,0
01-19-2026 21:00:00,5,4.4,0
01-19-2026 22:00:00,5.1,4.3,0
01-19-2026 23:00:00,4.9,4.4,0
01-20-2026 00:00:00,5,4.3,0
01-20-2026 01:00:00,4.9,4.4,0
01-20-2026 02:00:00,4.9,4.3,0
01-20-2026 03:00:00,4.9,4.3,0
01-20-2026 04:00:00,5,4.3,0
01-20-2026 05:00:00,5,4.5,0
01-20-2026 06:00:00,6.1,4.8,0
01-20-2026 07:00:00,50.7,48.2,27.666
01-20-2026 08:00:00,113.6,107,474.566
01-20-2026 09:00:00,310.7,292.6,1061.125
01-20-2026 10:00:00,483.8,456.2,1480.65
01-20-2026 11:00:00,582.2,548.5,1652.597
01-20-2026 12:00:00,549.2,530.2,1654.407
01-20-2026 13:00:00,422.6,406.6,1494.094
01-20-2026 14:00:00,303.4,292.3,1086.912
01-20-2026 15:00:00,177.2,182.1,512.236
01-20-2026 16:00:00,53.6,65.4,46.361
01-20-2026 17:00:00,20.3,19.3,0
01-20-2026 18:00:00,4.8,4.2,0
01-20-2026 19:00:00,4.6,4.1,0
01-20-2026 20:00:00,4.7,4.1,0
01-20-2026 21:00:00,4.7,4.1,0
01-20-2026 22:00:00,4.8,4.2,0
01-20-2026 23:00:00,4.7,4.2,0
01-21-2026 00:00:00,4.8,4.1,0
01-21-2026 01:00:00,4.8,4.2,0
01-21-2026 02:00:00,4.8,4.2,0
01-21-2026 03:00:00,4.8,4.1,0
01-21-2026 04:00:00,4.8,4.2,0
01-21-2026 05:00:00,4.7,4.2,0
01-21-2026 06:00:00,4.8,4.1,0
01-21-2026 07:00:00,45.1,78.2,29.147
01-21-2026 08:00:00,130.1,151.4,484.115
01-21-2026 09:00:00,202.7,208.7,1075.04
01-21-2026 10:00:00,485.4,471.8,1497.247
01-21-2026 11:00:00,569.5,572,1663.061
01-21-2026 12:00:00,335.4,342.7,1663.422
01-21-2026 13:00:00,389.8,401.7,1513.749
01-21-2026 14:00:00,251,273.5,1105.939
01-21-2026 15:00:00,155.6,188.9,527.989
01-21-2026 16:00:00,58.7,92.7,51.321
01-21-2026 17:00:00,23.9,48,0
01-21-2026 18:00:00,4.8,4.1,0
01-21-2026 19:00:00,4.6,4.1,0
01-21-2026 20:00:00,4.9,4.2,0
01-21-2026 21:00:00,4.7,4.2,0
01-21-2026 22:00:00,4.8,4.1,0
01-21-2026 23:00:00,4.8,4.2,0
01-22-2026 00:00:00,4.8,4.2,0
01-22-2026 01:00:00,4.8,4.2,0
01-22-2026 02:00:00,4.8,4.1,0
01-22-2026 03:00:00,4.7,4.2,0
01-22-2026 04:00:00,4.8,4.2,0
01-22-2026 05:00:00,4.8,4.2,0
01-22-2026 06:00:00,6.2,5.8,0
01-22-2026 07:00:00,93.1,127.9,30.806
01-22-2026 08:00:00,145,175.5,494.165
01-22-2026 09:00:00,315.2,323.9,1089.48
01-22-2026 10:00:00,517.2,530.7,1514.331
01-22-2026 11:00:00,522,550.7,1671.507
01-22-2026 12:00:00,589.7,611.1,1671.506
01-22-2026 13:00:00,466.9,534.8,1533.78
01-22-2026 14:00:00,310.2,362.1,1125.318
01-22-2026 15:00:00,139.9,147.8,544.099
01-22-2026 16:00:00,55.6,56.8,56.449
01-22-2026 17:00:00,21.5,21.8,0
01-22-2026 18:00:00,5.2,4.5,0
01-22-2026 19:00:00,5.1,4.4,0
01-22-2026 20:00:00,5.1,4.5,0
01-22-2026 21:00:00,5.1,4.4,0
01-22-2026 22:00:00,5.1,4.5,0
01-22-2026 23:00:00,5.1,4.5,0
01-23-2026 00:00:00,5.1,4.6,0
01-23-2026 01:00:00,5.2,4.5,0
01-23-2026 02:00:00,5.1,4.5,0
01-23-2026 03:00:00,5.2,4.5,0
01-23-2026 04:00:00,5.1,4.5,0
01-23-2026 05:00:00,5.3,4.6,0
01-23-2026 06:00:00,5.9,4.7,0
01-23-2026 07:00:00,62.3,60.1,34.159
01-23-2026 08:00:00,111.5,120.7,504.503
01-23-2026 09:00:00,247.3,315.9,1103.973
01-23-2026 10:00:00,403.3,484.6,1531.243
01-23-2026 11:00:00,493.4,574.7,1678.937
01-23-2026 12:00:00,473.8,565.7,1678.936
01-23-2026 13:00:00,419.4,506.3,1553.517
01-23-2026 14:00:00,279.9,376.9,1144.553
01-23-2026 15:00:00,132,161.8,560.319
01-23-2026 16:00:00,59,60.8,61.712
01-23-2026 17:00:00,-4.9,12.6,0
01-23-2026 18:00:00,5.3,4.7,0
01-23-2026 19:00:00,5.3,4.6,0
01-23-2026 20:00:00,5.3,4.7,0
01-23-2026 21:00:00,5.2,4.5,0
01-23-2026 22:00:00,5.1,4.5,0
01-23-2026 23:00:00,5.1,4.4,0
01-24-2026 00:00:00,5.2,4.5,0
01-24-2026 01:00:00,5.1,4.6,0
01-24-2026 02:00:00,5.1,4.5,0
01-24-2026 03:00:00,5.3,4.5,0
01-24-2026 04:00:00,5.2,4.5,0
01-24-2026 05:00:00,5.2,4.5,0
01-24-2026 06:00:00,5.1,4.5,0
01-24-2026 07:00:00,29.6,51.6,37.756
01-24-2026 08:00:00,128.2,132.6,515.186
01-24-2026 09:00:00,188,216.4,1118.639
01-24-2026 10:00:00,185.9,255.4,1548.155
01-24-2026 11:00:00,215.2,250,1685.917
01-24-2026 12:00:00,206.2,220,1685.916
01-24-2026 13:00:00,177,188.8,1573.126
01-24-2026 14:00:00,140.9,148.6,1163.76
01-24-2026 15:00:00,-1.1,74.8,576.697
01-24-2026 16:00:00,-61.5,-34.4,67.104
01-24-2026 17:00:00,-16.9,-7.1,0
01-24-2026 18:00:00,5.5,4.8,0
01-24-2026 19:00:00,5.2,4.7,0
01-24-2026 20:00:00,5.1,4.5,0
01-24-2026 21:00:00,5.1,4.5,0
01-24-2026 22:00:00,5.3,4.5,0
01-24-2026 23:00:00,5.2,4.5,0
01-25-2026 00:00:00,5.3,4.5,0
01-25-2026 01:00:00,5.2,4.6,0
01-25-2026 02:00:00,5.3,4.6,0
01-25-2026 03:00:00,5.2,4.5,0
01-25-2026 04:00:00,5.3,4.5,0
01-25-2026 05:00:00,5.2,4.5,0
01-25-2026 06:00:00,5.3,4.5,0
01-25-2026 07:00:00,13.8,12.7,41.594
01-25-2026 08:00:00,38,37.7,526.311
01-25-2026 09:00:00,4.7,42.9,1133.686
01-25-2026 10:00:00,7.1,44.9,1565.355
01-25-2026 11:00:00,43.7,46.8,1692.775
01-25-2026 12:00:00,47.1,45.8,1692.774
01-25-2026 13:00:00,49.4,48,1591.06
01-25-2026 14:00:00,46.2,44.6,1183.146
01-25-2026 15:00:00,40.9,39.5,593.326
01-25-2026 16:00:00,36.1,21.8,72.632
01-25-2026 17:00:00,0.8,3.3,0
01-25-2026 18:00:00,5.3,4.6,0
01-25-2026 19:00:00,5.1,4.6,0
01-25-2026 20:00:00,5.1,4.5,0
01-25-2026 21:00:00,5,4.4,0
01-25-2026 22:00:00,5.1,4.4,0
01-25-2026 23:00:00,5.1,4.5,0
01-26-2026 00:00:00,5.1,4.4,0
01-26-2026 01:00:00,5.1,4.5,0
01-26-2026 02:00:00,5.1,4.5,0
01-26-2026 03:00:00,5.1,4.5,0
01-26-2026 04:00:00,5.1,4.6,0
01-26-2026 05:00:00,5.1,4.4,0
01-26-2026 06:00:00,5.1,4.5,0
01-26-2026 07:00:00,21.9,20,45.142
01-26-2026 08:00:00,41.6,40.3,537.888
01-26-2026 09:00:00,51.9,49.8,1149.13
01-26-2026 10:00:00,59.8,57.4,1582.865
01-26-2026 11:00:00,60.7,61.8,1699.544
01-26-2026 12:00:00,64.5,61.5,1699.543
01-26-2026 13:00:00,61.1,57,1607.727
01-26-2026 14:00:00,60.4,51.3,1202.72
01-26-2026 15:00:00,49,42.7,610.206
01-26-2026 16:00:00,39.3,36.4,78.293
01-26-2026 17:00:00,10.2,8.4,0
01-26-2026 18:00:00,5,4.5,0
01-26-2026 19:00:00,5.2,4.4,0
01-26-2026 20:00:00,4.9,4.3,0
01-26-2026 21:00:00,4.9,4.3,0
01-26-2026 22:00:00,4.8,4.2,0
01-26-2026 23:00:00,4.8,4.2,0
01-27-2026 00:00:00,4.9,4.2,0
01-27-2026 01:00:00,4.8,4.3,0
01-27-2026 02:00:00,4.9,4.2,0
01-27-2026 03:00:00,4.9,4.3,0
01-27-2026 04:00:00,4.8,4.2,0
01-27-2026 05:00:00,5,4.2,0
01-27-2026 06:00:00,6.6,5.5,0
01-27-2026 07:00:00,43.8,47.2,48.763
01-27-2026 08:00:00,119.1,112.6,549.963
01-27-2026 09:00:00,251.1,214.2,1165.065
01-27-2026 10:00:00,376.9,299.5,1598.234
01-27-2026 11:00:00,462.1,352.3,1706.371
01-27-2026 12:00:00,511.1,402.1,1706.37
01-27-2026 13:00:00,464.2,379.9,1624.638
01-27-2026 14:00:00,286.3,240.9,1222.577
01-27-2026 15:00:00,186.5,157.9,627.38
01-27-2026 16:00:00,97.1,114.9,84.092
01-27-2026 17:00:00,24.5,23.2,0
01-27-2026 18:00:00,4.9,4.3,0
01-27-2026 19:00:00,4.9,4.4,0
01-27-2026 20:00:00,4.9,4.3,0
01-27-2026 21:00:00,5,4.4,0
01-27-2026 22:00:00,4.7,4.2,0
01-27-2026 23:00:00,4.7,4.1,0
01-28-2026 00:00:00,4.7,4,0
01-28-2026 01:00:00,4.8,4.2,0
01-28-2026 02:00:00,4.8,4.2,0
01-28-2026 03:00:00,4.8,4.1,0
01-28-2026 04:00:00,4.8,4.1,0
01-28-2026 05:00:00,4.9,4.3,0
01-28-2026 06:00:00,7.1,7.3,0
01-28-2026 07:00:00,50.7,74,52.574
01-28-2026 08:00:00,149.8,121,562.417
01-28-2026 09:00:00,320.1,252.3,1181.233
01-28-2026 10:00:00,444.7,359.5,1613.262
01-28-2026 11:00:00,515.9,415.8,1712.889
01-28-2026 12:00:00,531.4,426.6,1712.888
01-28-2026 13:00:00,460.9,368.1,1641.434
01-28-2026 14:00:00,347,281.9,1242.439
01-28-2026 15:00:00,181.4,162.2,644.701
01-28-2026 16:00:00,69.5,59,90.01
01-28-2026 17:00:00,24.3,22.2,0
01-28-2026 18:00:00,4.9,4.3,0
01-28-2026 19:00:00,4.9,4.3,0
01-28-2026 20:00:00,4.7,4,0
01-28-2026 21:00:00,4.6,4.1,0
01-28-2026 22:00:00,4.7,4,0
01-28-2026 23:00:00,4.8,4.2,0
01-29-2026 00:00:00,4.7,4.2,0
01-29-2026 01:00:00,4.8,4.2,0
01-29-2026 02:00:00,4.8,4.1,0
01-29-2026 03:00:00,4.9,4.2,0
01-29-2026 04:00:00,4.8,4.2,0
01-29-2026 05:00:00,4.9,4.2,0
01-29-2026 06:00:00,8,8,0
01-29-2026 07:00:00,63.7,69.9,56.558
01-29-2026 08:00:00,170.1,144.4,575.099
01-29-2026 09:00:00,300.2,250.3,1197.315
01-29-2026 10:00:00,363.2,304,1627.861
01-29-2026 11:00:00,439.3,359.6,1718.659
01-29-2026 12:00:00,490.3,400.4,1718.658
01-29-2026 13:00:00,507.7,412.5,1657.677
01-29-2026 14:00:00,378.1,311.6,1261.966
01-29-2026 15:00:00,158.9,152,661.982
01-29-2026 16:00:00,65.3,61.8,98.462
01-29-2026 17:00:00,26,23.5,0
01-29-2026 18:00:00,4.9,4.3,0
01-29-2026 19:00:00,5,4.3,0
01-29-2026 20:00:00,4.7,4.2,0
01-29-2026 21:00:00,4.6,4,0
01-29-2026 22:00:00,4.7,4.1,0
01-29-2026 23:00:00,4.8,4.2,0
01-30-2026 00:00:00,4.8,4.2,0
01-30-2026 01:00:00,4.8,4.2,0
01-30-2026 02:00:00,4.8,4.2,0
01-30-2026 03:00:00,4.9,4.1,0
01-30-2026 04:00:00,4.9,4.2,0
01-30-2026 05:00:00,4.8,4.2,0
01-30-2026 06:00:00,7.9,9.3,0
01-30-2026 07:00:00,62.8,88.2,60.738
01-30-2026 08:00:00,157.4,140.8,588.284
01-30-2026 09:00:00,209.7,186.5,1213.891
01-30-2026 10:00:00,279.3,235,1642.827
01-30-2026 11:00:00,344.1,280.5,1724.534
01-30-2026 12:00:00,355.9,291.6,1724.533
01-30-2026 13:00:00,326.5,267.8,1670.892
01-30-2026 14:00:00,257.3,217.7,1281.763
01-30-2026 15:00:00,173.3,155.8,679.53
01-30-2026 16:00:00,42.3,60.6,107.631
01-30-2026 17:00:00,7.7,12.9,0
01-30-2026 18:00:00,5.2,4.5,0
01-30-2026 19:00:00,5.3,4.5,0
01-30-2026 20:00:00,5,4.5,0
01-30-2026 21:00:00,4.9,4.3,0
01-30-2026 22:00:00,5,4.3,0
01-30-2026 23:00:00,5,4.4,0
01-31-2026 00:00:00,4.9,4.3,0
01-31-2026 01:00:00,5.1,4.4,0
01-31-2026 02:00:00,5,4.3,0
01-31-2026 03:00:00,5.1,4.4,0
01-31-2026 04:00:00,5,4.3,0
01-31-2026 05:00:00,5,4.4,0
01-31-2026 06:00:00,5.1,4.4,0
01-31-2026 07:00:00,36.5,34.6,65.104
01-31-2026 08:00:00,59.3,54.4,601.874
01-31-2026 09:00:00,81.9,74.2,1230.752
01-31-2026 10:00:00,87.4,81,1657.883
01-31-2026 11:00:00,128.1,114.5,1730.231
01-31-2026 12:00:00,240,230.5,1730.23
01-31-2026 13:00:00,325.8,284.1,1683.778
01-31-2026 14:00:00,269.8,254.6,1301.607
01-31-2026 15:00:00,186.5,168.8,697.221
01-31-2026 16:00:00,72.9,66.4,116.325
01-31-2026 17:00:00,-22.5,-3.5,0
01-31-2026 18:00:00,5.4,4.7,0
01-31-2026 19:00:00,5.3,4.7,0
01-31-2026 20:00:00,5.2,4.6,0
01-31-2026 21:00:00,5.2,4.6,0
01-31-2026 22:00:00,5.1,4.5,0
01-31-2026 23:00:00,5.1,4.5,0
02-01-2026 00:00:00,5.1,4.5,0
02-01-2026 01:00:00,5.2,4.5,0
02-01-2026 02:00:00,5.1,4.5,0
02-01-2026 03:00:00,5.3,4.5,0
02-01-2026 04:00:00,5.1,4.6,0
02-01-2026 05:00:00,5.2,4.5,0
02-01-2026 06:00:00,9.4,9.4,0
02-01-2026 07:00:00,52.2,50.1,69.829
02-01-2026 08:00:00,135.3,144.6,616.918
02-01-2026 09:00:00,278.4,299.6,1248.731
02-01-2026 10:00:00,438,398.9,1674.549
02-01-2026 11:00:00,490.8,440.9,1743.094
02-01-2026 12:00:00,539.8,483.1,1743.093
02-01-2026 13:00:00,401.4,404,1697.756
02-01-2026 14:00:00,331.3,349.8,1317.171
02-01-2026 15:00:00,200.9,200.6,712.629
02-01-2026 16:00:00,59.4,62.7,124.528
02-01-2026 17:00:00,29.4,28.1,0
02-01-2026 18:00:00,5,4.3,0
02-01-2026 19:00:00,5,4.4,0
02-01-2026 20:00:00,5,4.4,0
02-01-2026 21:00:00,5.1,4.4,0
02-01-2026 22:00:00,5.1,4.3,0
02-01-2026 23:00:00,5,4.5,0
02-02-2026 00:00:00,5.2,4.5,0
02-02-2026 01:00:00,5.1,4.5,0
02-02-2026 02:00:00,5.2,4.5,0
02-02-2026 03:00:00,5.3,4.5,0
02-02-2026 04:00:00,5.1,4.5,0
02-02-2026 05:00:00,5.1,4.5,0
02-02-2026 06:00:00,5.3,4.7,0
02-02-2026 07:00:00,35.6,35.6,74.668
02-02-2026 08:00:00,73.8,63.6,632.119
02-02-2026 09:00:00,122.4,105.4,1267.729
02-02-2026 10:00:00,147.6,129.6,1689.559
02-02-2026 11:00:00,164,150.4,1750.681
02-02-2026 12:00:00,147.8,134.2,1750.68
02-02-2026 13:00:00,157.3,148.2,1712.603
02-02-2026 14:00:00,126.6,117.3,1338.671
02-02-2026 15:00:00,97.8,92.4,731.415
02-02-2026 16:00:00,-48.2,-14.3,133.461
02-02-2026 17:00:00,-46.2,-19,0
02-02-2026 18:00:00,5.4,4.7,0
02-02-2026 19:00:00,5.1,4.6,0
02-02-2026 20:00:00,5.1,4.4,0
02-02-2026 21:00:00,5,4.4,0
02-02-2026 22:00:00,5,4.3,0
02-02-2026 23:00:00,5.1,4.4,0
02-03-2026 00:00:00,5.1,4.4,0
02-03-2026 01:00:00,5,4.3,0
02-03-2026 02:00:00,5.1,4.4,0
02-03-2026 03:00:00,5.1,4.5,0
02-03-2026 04:00:00,5,4.3,0
02-03-2026 05:00:00,5.1,4.4,0
02-03-2026 06:00:00,5.3,4.6,0
02-03-2026 07:00:00,37.3,37.1,79.703
02-03-2026 08:00:00,81.9,76.3,647.749
02-03-2026 09:00:00,142.8,128.7,1287.033
02-03-2026 10:00:00,482.6,441.7,1703.595
02-03-2026 11:00:00,575.6,550.6,1758.117
02-03-2026 12:00:00,677.9,635.1,1758.116
02-03-2026 13:00:00,613.8,594.6,1727.396
02-03-2026 14:00:00,463.2,455.9,1360.233
02-03-2026 15:00:00,242.1,253,750.349
02-03-2026 16:00:00,81.1,80.5,142.583
02-03-2026 17:00:00,30.7,29.5,0
02-03-2026 18:00:00,4.9,4.2,0
02-03-2026 19:00:00,4.7,4.2,0
02-03-2026 20:00:00,4.6,4,0
02-03-2026 21:00:00,4.6,4,0
02-03-2026 22:00:00,4.6,4,0
02-03-2026 23:00:00,4.7,4,0
02-04-2026 00:00:00,4.7,4.1,0
02-04-2026 01:00:00,4.7,4.1,0
02-04-2026 02:00:00,4.7,4.1,0
02-04-2026 03:00:00,4.8,4.2,0
02-04-2026 04:00:00,4.7,4.1,0
02-04-2026 05:00:00,4.7,4.1,0
02-04-2026 06:00:00,9,7.8,0
02-04-2026 07:00:00,51.2,54.6,84.93
02-04-2026 08:00:00,111.9,162.2,663.748
02-04-2026 09:00:00,165.1,194.7,1306.521
02-04-2026 10:00:00,234.9,242.5,1717.513
02-04-2026 11:00:00,225,235.5,1765.256
02-04-2026 12:00:00,258.4,278.8,1765.255
02-04-2026 13:00:00,254.2,262.6,1741.984
02-04-2026 14:00:00,187.4,202.7,1381.727
02-04-2026 15:00:00,162.1,187.5,769.353
02-04-2026 16:00:00,112.6,113.6,151.867
02-04-2026 17:00:00,33.3,32.4,0
02-04-2026 18:00:00,5,4.4,0
02-04-2026 19:00:00,4.8,4.2,0
02-04-2026 20:00:00,4.6,4,0
02-04-2026 21:00:00,4.6,4,0
02-04-2026 22:00:00,4.6,4,0
02-04-2026 23:00:00,4.6,4,0
02-05-2026 00:00:00,4.7,4,0
02-05-2026 01:00:00,4.7,4.1,0
02-05-2026 02:00:00,4.6,4,0
02-05-2026 03:00:00,4.6,4.1,0
02-05-2026 04:00:00,4.7,4,0
02-05-2026 05:00:00,4.7,4.2,0
02-05-2026 06:00:00,9.7,8.4,0
02-05-2026 07:00:00,50.4,59.9,90.375
02-05-2026 08:00:00,122.8,147,680.308
02-05-2026 09:00:00,189.2,209.2,1326.575
02-05-2026 10:00:00,216.9,229.7,1731.823
02-05-2026 11:00:00,343.1,347.1,1772.628
02-05-2026 12:00:00,282.1,299.1,1772.627
02-05-2026 13:00:00,287.1,297.8,1753.549
02-05-2026 14:00:00,293.4,292.1,1403.555
02-05-2026 15:00:00,160,183.7,788.642
02-05-2026 16:00:00,65.4,65.5,161.349
02-05-2026 17:00:00,26.9,26.1,0
02-05-2026 18:00:00,4.6,4.1,0
02-05-2026 19:00:00,4.7,4,0
02-05-2026 20:00:00,4.6,4,0
02-05-2026 21:00:00,4.6,4,0
02-05-2026 22:00:00,4.6,4,0
02-05-2026 23:00:00,4.7,4.1,0
02-06-2026 00:00:00,4.8,4.2,0
02-06-2026 01:00:00,4.7,4.2,0
02-06-2026 02:00:00,4.7,4,0
02-06-2026 03:00:00,4.8,4.1,0
02-06-2026 04:00:00,4.7,4.2,0
02-06-2026 05:00:00,4.8,4.1,0
02-06-2026 06:00:00,7.8,6.3,0
02-06-2026 07:00:00,61.6,71.3,96.021
02-06-2026 08:00:00,154.4,212.9,697.261
02-06-2026 09:00:00,237.2,280.3,1346.862
02-06-2026 10:00:00,272.4,325.8,1746.096
02-06-2026 11:00:00,285.7,364.1,1779.798
02-06-2026 12:00:00,225.8,302.4,1779.797
02-06-2026 13:00:00,240.4,327.4,1764.507
02-06-2026 14:00:00,168.7,262,1425.364
02-06-2026 15:00:00,166,255.6,808.015
02-06-2026 16:00:00,87.7,173.4,170.985
02-06-2026 17:00:00,75.8,123.2,0
02-06-2026 18:00:00,4.7,4.1,0
02-06-2026 19:00:00,4.7,4,0
02-06-2026 20:00:00,4.7,4,0
02-06-2026 21:00:00,4.7,4.1,0
02-06-2026 22:00:00,4.7,4.1,0
02-06-2026 23:00:00,4.7,3.9,0
02-07-2026 00:00:00,4.7,4.1,0
02-07-2026 01:00:00,4.6,3.9,0
02-07-2026 02:00:00,4.8,4.1,0
02-07-2026 03:00:00,4.7,4.1,0
02-07-2026 04:00:00,4.7,4.1,0
02-07-2026 05:00:00,4.8,4.1,0
02-07-2026 06:00:00,14,34.1,0
02-07-2026 07:00:00,78,156.2,103.463
02-07-2026 08:00:00,219.7,246.8,714.478
02-07-2026 09:00:00,487.3,484.8,1367.138
02-07-2026 10:00:00,676.3,677.6,1760.028
02-07-2026 11:00:00,769.3,774.9,1786.463
02-07-2026 12:00:00,759.4,783.1,1786.462
02-07-2026 13:00:00,552.2,600.7,1774.999
02-07-2026 14:00:00,397.7,435.8,1446.894
02-07-2026 15:00:00,275.8,307.7,827.316
02-07-2026 16:00:00,-3.8,39.7,180.737
02-07-2026 17:00:00,-28.4,2.4,0
02-07-2026 18:00:00,5.3,4.7,0
02-07-2026 19:00:00,5.1,4.4,0
02-07-2026 20:00:00,5,4.4,0
02-07-2026 21:00:00,5,4.3,0
02-07-2026 22:00:00,5,4.3,0
02-07-2026 23:00:00,5,4.4,0
02-08-2026 00:00:00,5.1,4.5,0
02-08-2026 01:00:00,5.1,4.4,0
02-08-2026 02:00:00,5.1,4.5,0
02-08-2026 03:00:00,5.1,4.4,0
02-08-2026 04:00:00,5.1,4.5,0
02-08-2026 05:00:00,5.1,4.4,0
02-08-2026 06:00:00,13.6,12.8,0
02-08-2026 07:00:00,67.9,68.3,112.433
02-08-2026 08:00:00,187,204.9,732.139
02-08-2026 09:00:00,178.2,178.3,1387.756
02-08-2026 10:00:00,208.7,209,1771.275
02-08-2026 11:00:00,226.1,243.1,1793.112
02-08-2026 12:00:00,226.4,234.2,1793.111
02-08-2026 13:00:00,212.3,222.3,1785.505
02-08-2026 14:00:00,181.4,196,1468.521
02-08-2026 15:00:00,173.7,175.9,846.751
02-08-2026 16:00:00,126.1,132.4,190.644
02-08-2026 17:00:00,-34.2,-12.4,0
02-08-2026 18:00:00,5.2,4.5,0
02-08-2026 19:00:00,5.1,4.5,0
02-08-2026 20:00:00,5.1,4.4,0
02-08-2026 21:00:00,5,4.5,0
02-08-2026 22:00:00,5.2,4.5,0
02-08-2026 23:00:00,5.2,4.5,0
02-09-2026 00:00:00,5,4.5,0
02-09-2026 01:00:00,5.2,4.5,0
02-09-2026 02:00:00,5.1,4.5,0
02-09-2026 03:00:00,5.2,4.5,0
02-09-2026 04:00:00,5,4.5,0
02-09-2026 05:00:00,5.3,4.6,0
02-09-2026 06:00:00,2.5,8.9,0
02-09-2026 07:00:00,2.9,24.3,121.474
02-09-2026 08:00:00,195.4,212.9,750.109
02-09-2026 09:00:00,244.627,409.8,1408.464
02-09-2026 10:00:00,426.173,524.6,1781.355
02-09-2026 11:00:00,486.4,619.9,1799.434
02-09-2026 12:00:00,450.5,518.1,1799.433
02-09-2026 13:00:00,418.9,446.5,1795.71
02-09-2026 14:00:00,343.6,362.3,1489.975
02-09-2026 15:00:00,192.3,199.5,866.158
02-09-2026 16:00:00,80.3,81.4,202.4
02-09-2026 17:00:00,32.7,27.5,0
02-09-2026 18:00:00,5.1,4.4,0
02-09-2026 19:00:00,4.9,4.4,0
02-09-2026 20:00:00,4.9,4.3,0
02-09-2026 21:00:00,5.2,4.5,0
02-09-2026 22:00:00,5,4.5,0
02-09-2026 23:00:00,5.2,4.5,0
02-10-2026 00:00:00,5.1,4.6,0
02-10-2026 01:00:00,5.1,4.5,0
02-10-2026 02:00:00,5.1,4.5,0
02-10-2026 03:00:00,5.2,4.5,0
02-10-2026 04:00:00,5.1,4.5,0
02-10-2026 05:00:00,5,4.4,0
02-10-2026 06:00:00,16.4,14.5,0
02-10-2026 07:00:00,87.9,87.4,130.166
02-10-2026 08:00:00,190.8,219.8,768.393
02-10-2026 09:00:00,388,401.2,1429.279
02-10-2026 10:00:00,547.5,564,1791.225
02-10-2026 11:00:00,560.6,584.5,1805.476
02-10-2026 12:00:00,557.4,579.1,1805.475
02-10-2026 13:00:00,578.5,604.6,1805.474
02-10-2026 14:00:00,465,492.4,1511.279
02-10-2026 15:00:00,245.5,262.1,885.541
02-10-2026 16:00:00,89.6,93.9,215.464
02-10-2026 17:00:00,37.6,37.1,0
02-10-2026 18:00:00,5.1,4.5,0
02-10-2026 19:00:00,5.1,4.5,0
02-10-2026 20:00:00,5,4.4,0
02-10-2026 21:00:00,5.1,4.5,0
02-10-2026 22:00:00,5,4.4,0
02-10-2026 23:00:00,5.1,4.5,0
02-11-2026 00:00:00,5,4.5,0
02-11-2026 01:00:00,5,4.4,0
02-11-2026 02:00:00,5.1,4.5,0
02-11-2026 03:00:00,5,4.4,0
02-11-2026 04:00:00,5.1,4.5,0
02-11-2026 05:00:00,5,4.4,0
02-11-2026 06:00:00,16.9,15,0
02-11-2026 07:00:00,68,64.3,139.226
02-11-2026 08:00:00,241.3,225.2,787.252
02-11-2026 09:00:00,505.9,524.2,1450.694
02-11-2026 10:00:00,666.7,691.8,1801.516
02-11-2026 11:00:00,728.8,763.8,1811.875
02-11-2026 12:00:00,823.2,851.8,1811.874
02-11-2026 13:00:00,734.7,740.7,1811.873
02-11-2026 14:00:00,580.3,615,1532.953
02-11-2026 15:00:00,360.7,421.5,905.201
02-11-2026 16:00:00,149.6,244.9,228.561
02-11-2026 17:00:00,167.9,225.1,0
02-11-2026 18:00:00,4.5,4,0
02-11-2026 19:00:00,4.6,4,0
02-11-2026 20:00:00,4.6,4,0
02-11-2026 21:00:00,4.6,4,0
02-11-2026 22:00:00,4.6,4,0
02-11-2026 23:00:00,4.6,4,0
02-12-2026 00:00:00,4.7,4,0
02-12-2026 01:00:00,4.6,4,0
02-12-2026 02:00:00,4.6,4.1,0
02-12-2026 03:00:00,4.8,4,0
02-12-2026 04:00:00,4.6,4,0
02-12-2026 05:00:00,4.7,4,0
02-12-2026 06:00:00,15.7,15.5,0
02-12-2026 07:00:00,133,139.7,148.61
02-12-2026 08:00:00,244.4,288.2,806.481
02-12-2026 09:00:00,316,333.9,1472.326
02-12-2026 10:00:00,328.9,334.4,1811.758
02-12-2026 11:00:00,369.9,383.5,1818.161
02-12-2026 12:00:00,421.9,439.2,1818.16
02-12-2026 13:00:00,618.7,614.1,1818.159
02-12-2026 14:00:00,569.7,574.3,1554.596
02-12-2026 15:00:00,344.7,354,924.896
02-12-2026 16:00:00,179.4,192.1,241.13
02-12-2026 17:00:00,38.1,36.1,0
02-12-2026 18:00:00,4.7,4.1,0
02-12-2026 19:00:00,4.5,4.1,0
02-12-2026 20:00:00,4.6,3.9,0
02-12-2026 21:00:00,4.6,4.1,0
02-12-2026 22:00:00,4.7,4,0
02-12-2026 23:00:00,4.6,4.1,0
02-13-2026 00:00:00,4.7,4.1,0
02-13-2026 01:00:00,4.7,4.2,0
02-13-2026 02:00:00,4.7,4.2,0
02-13-2026 03:00:00,4.8,4.2,0
02-13-2026 04:00:00,4.7,4.1,0
02-13-2026 05:00:00,4.6,4,0
02-13-2026 06:00:00,18,17.7,0
02-13-2026 07:00:00,77.6,76.4,158.302
02-13-2026 08:00:00,261.8,269,826.025
02-13-2026 09:00:00,520.1,522.6,1494.084
02-13-2026 10:00:00,701.8,708.7,1821.852
02-13-2026 11:00:00,681.9,686.5,1824.24
02-13-2026 12:00:00,725.4,732.3,1824.239
02-13-2026 13:00:00,676.8,687.9,1824.238
02-13-2026 14:00:00,467.6,476.9,1576.113
02-13-2026 15:00:00,320.2,338.7,944.566
02-13-2026 16:00:00,126.3,177.8,253.87
02-13-2026 17:00:00,38.4,36.1,0
02-13-2026 18:00:00,4.8,4.2,0
02-13-2026 19:00:00,4.7,4.2,0
02-13-2026 20:00:00,4.7,4.2,0
02-13-2026 21:00:00,4.7,4.2,0
02-13-2026 22:00:00,4.8,4.2,0
02-13-2026 23:00:00,4.7,4.2,0
02-14-2026 00:00:00,4.78,4.15,0
02-14-2026 01:00:00,4.84,4.17,0
02-14-2026 02:00:00,4.724,4.118,0
02-14-2026 03:00:00,4.756,4.162,0
02-14-2026 04:00:00,4.8,4.2,0
02-14-2026 05:00:00,4.8,4.2,0
02-14-2026 06:00:00,20.5,21.3,0
02-14-2026 07:00:00,85.4,87.8,168.32
02-14-2026 08:00:00,166.7,167,845.988
02-14-2026 09:00:00,257.2,256.9,1516.163
02-14-2026 10:00:00,280.4,280,1830.368
02-14-2026 11:00:00,357.6,357.4,1830.367
02-14-2026 12:00:00,380.2,379.6,1830.366
02-14-2026 13:00:00,381.9,382.4,1830.365
02-14-2026 14:00:00,239.3,239.1,1597.713
02-14-2026 15:00:00,159.4,160.2,964.328
02-14-2026 16:00:00,80.4,83.5,266.796
02-14-2026 17:00:00,50.8,53.7,0
02-14-2026 18:00:00,4.8,4.2,0
02-14-2026 19:00:00,4.7,4.2,0
02-14-2026 20:00:00,4.7,4.1,0
02-14-2026 21:00:00,4.8,4.2,0
02-14-2026 22:00:00,4.7,4.2,0
02-14-2026 23:00:00,4.8,4.2,0
02-15-2026 00:00:00,4.8,4.1,0
02-15-2026 01:00:00,4.8,4.2,0
02-15-2026 02:00:00,4.8,4.1,0
02-15-2026 03:00:00,4.8,4.2,0
02-15-2026 04:00:00,4.8,4.1,0
02-15-2026 05:00:00,4.8,4.2,0
02-15-2026 06:00:00,19.4,20.7,0
02-15-2026 07:00:00,95.1,96.3,178.996
02-15-2026 08:00:00,286.6,280,867.964
02-15-2026 09:00:00,390.6,383,1541.381
02-15-2026 10:00:00,667.3,637.8,1840.868
02-15-2026 11:00:00,767,731.8,1840.867
02-15-2026 12:00:00,744.7,730.7,1840.866
02-15-2026 13:00:00,643,644.5,1840.865
02-15-2026 14:00:00,508.1,515.6,1622.355
02-15-2026 15:00:00,327.8,329.1,985.989
02-15-2026 16:00:00,115.8,112.6,280.413
02-15-2026 17:00:00,41.4,37.9,0
02-15-2026 18:00:00,5.6,4.7,0
02-15-2026 19:00:00,4.9,4.2,0
02-15-2026 20:00:00,5,4.2,0
02-15-2026 21:00:00,4.9,4.2,0
02-15-2026 22:00:00,5,4.2,0
02-15-2026 23:00:00,5,4.1,0
02-16-2026 00:00:00,5,4.2,0
02-16-2026 01:00:00,5.1,4.2,0
02-16-2026 02:00:00,5.1,4.3,0
02-16-2026 03:00:00,5.1,4.2,0
02-16-2026 04:00:00,5.1,4.2,0
02-16-2026 05:00:00,5,4.2,0
02-16-2026 06:00:00,19.9,18.5,0
02-16-2026 07:00:00,93.1,85.6,190.009
02-16-2026 08:00:00,294.1,282.1,890.277
02-16-2026 09:00:00,448.5,453.4,1566.733
02-16-2026 10:00:00,567.8,599.1,1851.156
02-16-2026 11:00:00,633.7,664.1,1851.154
02-16-2026 12:00:00,636.6,640.7,1851.153
02-16-2026 13:00:00,578.9,581.2,1851.152
02-16-2026 14:00:00,489.8,499.2,1646.881
02-16-2026 15:00:00,319.5,319.9,1007.639
02-16-2026 16:00:00,97.2,96.3,294.194
02-16-2026 17:00:00,41.1,37.7,0
02-16-2026 18:00:00,5.1,4.2,0
02-16-2026 19:00:00,5,4.2,0
02-16-2026 20:00:00,5,4.1,0
02-16-2026 21:00:00,5,4.2,0
02-16-2026 22:00:00,5.1,4.2,0
02-16-2026 23:00:00,5.1,4.3,0
02-17-2026 00:00:00,5,4.3,0
02-17-2026 01:00:00,5.1,4.2,0
02-17-2026 02:00:00,5.2,4.3,0
02-17-2026 03:00:00,5.2,4.4,0
02-17-2026 04:00:00,5,4.2,0
02-17-2026 05:00:00,5.1,4.2,0
02-17-2026 06:00:00,21.5,20.1,0
02-17-2026 07:00:00,112.9,106,201.375
02-17-2026 08:00:00,185.9,186.9,912.988
02-17-2026 09:00:00,294.8,310.4,1592.333
02-17-2026 10:00:00,338.6,338.5,1861.386
02-17-2026 11:00:00,261.8,292.4,1861.385
02-17-2026 12:00:00,465.6,483.5,1861.384
02-17-2026 13:00:00,384.8,391.9,1861.383
02-17-2026 14:00:00,233.8,224.2,1670.398
02-17-2026 15:00:00,159.6,154.1,1029.347
02-17-2026 16:00:00,77.1,72.6,308.15
02-17-2026 17:00:00,34.9,31.3,0
02-17-2026 18:00:00,5,4.1,0
02-17-2026 19:00:00,4.9,4.2,0
02-17-2026 20:00:00,5,4.2,0
02-17-2026 21:00:00,5,4.2,0
02-17-2026 22:00:00,5.1,4.2,0
02-17-2026 23:00:00,5,4.2,0
02-18-2026 00:00:00,5.1,4.3,0
02-18-2026 01:00:00,5.1,4.2,0
02-18-2026 02:00:00,5,4.2,0
02-18-2026 03:00:00,5,4.2,0
02-18-2026 04:00:00,5.1,4.2,0
02-18-2026 05:00:00,5,4.1,0
02-18-2026 06:00:00,18,17,0
02-18-2026 07:00:00,94.5,87.6,213.874
02-18-2026 08:00:00,272.8,271.3,936.155
02-18-2026 09:00:00,475.3,472.5,1618.29
02-18-2026 10:00:00,581.9,580.9,1871.7
02-18-2026 11:00:00,638.7,645.3,1871.699
02-18-2026 12:00:00,636.3,647,1871.698
02-18-2026 13:00:00,579.3,592.1,1871.697
02-18-2026 14:00:00,451.6,469.4,1691.312
02-18-2026 15:00:00,291.7,304.5,1051.181
02-18-2026 16:00:00,90.9,116.1,322.298
02-18-2026 17:00:00,24.9,38,0
02-18-2026 18:00:00,6.7,5.9,0
02-18-2026 19:00:00,5,4.4,0
02-18-2026 20:00:00,5.1,4.4,0
02-18-2026 21:00:00,5,4.5,0
02-18-2026 22:00:00,5.1,4.5,0
02-18-2026 23:00:00,5.1,4.4,0
02-19-2026 00:00:00,5.1,4.6,0
02-19-2026 01:00:00,5.2,4.5,0
02-19-2026 02:00:00,5.1,4.5,0
02-19-2026 03:00:00,5.1,4.5,0
02-19-2026 04:00:00,5.1,4.5,0
02-19-2026 05:00:00,5.1,4.5,0
02-19-2026 06:00:00,21.3,20.3,0
02-19-2026 07:00:00,99.5,93,229.252
02-19-2026 08:00:00,194.9,183.7,959.45
02-19-2026 09:00:00,360.7,371.4,1644.046
02-19-2026 10:00:00,277.8,304.1,1881.469
02-19-2026 11:00:00,218.9,247.5,1881.468
02-19-2026 12:00:00,249.5,240.4,1881.467
02-19-2026 13:00:00,188.7,178.3,1881.466
02-19-2026 14:00:00,160,160,1711.762
02-19-2026 15:00:00,144.1,143.2,1072.776
02-19-2026 16:00:00,83.4,108.6,336.521
02-19-2026 17:00:00,69.8,71.1,0
02-19-2026 18:00:00,4.9,4.1,0
02-19-2026 19:00:00,4.7,4,0
02-19-2026 20:00:00,4.6,4.1,0
02-19-2026 21:00:00,4.7,4.1,0
02-19-2026 22:00:00,4.6,4.2,0
02-19-2026 23:00:00,4.7,4.1,0
02-20-2026 00:00:00,4.7,4.1,0
02-20-2026 01:00:00,4.6,4.2,0
02-20-2026 02:00:00,4.7,4.1,0
02-20-2026 03:00:00,4.7,4.1,0
02-20-2026 04:00:00,4.6,4.2,0
02-20-2026 05:00:00,4.7,4.1,0
02-20-2026 06:00:00,20.8,25.6,0
02-20-2026 07:00:00,140.9,145.4,245.069
02-20-2026 08:00:00,141.1,170.1,982.999
02-20-2026 09:00:00,196.8,224.5,1669.834
02-20-2026 10:00:00,223.4,229,1890.989
02-20-2026 11:00:00,154.1,188.9,1890.988
02-20-2026 12:00:00,191.3,212.5,1890.987
02-20-2026 13:00:00,249.4,247.6,1890.986
02-20-2026 14:00:00,151.6,173.4,1732
02-20-2026 15:00:00,131.1,153.4,1094.278
02-20-2026 16:00:00,81.3,97.8,350.855
02-20-2026 17:00:00,42.6,66.2,0.458
02-20-2026 18:00:00,6.8,4.8,0
02-20-2026 19:00:00,4.7,4.1,0
02-20-2026 20:00:00,4.7,4.2,0
02-20-2026 21:00:00,4.7,4.2,0
02-20-2026 22:00:00,4.8,4.2,0
02-20-2026 23:00:00,4.8,4.1,0
02-21-2026 00:00:00,4.7,4.2,0
02-21-2026 01:00:00,4.7,4.2,0
02-21-2026 02:00:00,4.8,4.2,0
02-21-2026 03:00:00,4.8,4.1,0
02-21-2026 04:00:00,4.8,4.1,0
02-21-2026 05:00:00,4.8,4.3,0
02-21-2026 06:00:00,22.3,23.2,0
02-21-2026 07:00:00,72.9,75.9,260.331
02-21-2026 08:00:00,126,126.1,1006.84
02-21-2026 09:00:00,144.5,152,1694.34
02-21-2026 10:00:00,152.5,167.7,1900.366
02-21-2026 11:00:00,235.4,245.7,1900.365
02-21-2026 12:00:00,273.6,285.6,1900.364
02-21-2026 13:00:00,278.7,287.4,1900.363
02-21-2026 14:00:00,230.9,229.8,1752.113
02-21-2026 15:00:00,164.3,180.1,1115.734
02-21-2026 16:00:00,102.3,131.5,365.311
02-21-2026 17:00:00,56.7,87.9,3.081
02-21-2026 18:00:00,11.1,10.3,0
02-21-2026 19:00:00,4.7,4.1,0
02-21-2026 20:00:00,4.7,4.1,0
02-21-2026 21:00:00,4.7,4.1,0
02-21-2026 22:00:00,4.6,4.2,0
02-21-2026 23:00:00,4.8,4.2,0
02-22-2026 00:00:00,4.8,4.2,0
02-22-2026 01:00:00,4.8,4.1,0
02-22-2026 02:00:00,4.8,4.2,0
02-22-2026 03:00:00,4.8,4.2,0
02-22-2026 04:00:00,4.8,4.2,0
02-22-2026 05:00:00,4.7,4.2,0
02-22-2026 06:00:00,21.4,28.1,0
02-22-2026 07:00:00,108.3,114.2,276.119
02-22-2026 08:00:00,244.7,231.7,1031.141
02-22-2026 09:00:00,460.5,434.1,1716.397
02-22-2026 10:00:00,547,513.2,1909.942
02-22-2026 11:00:00,529.2,515.4,1909.941
02-22-2026 12:00:00,500.4,469.3,1909.94
02-22-2026 13:00:00,436.9,410.6,1909.939
02-22-2026 14:00:00,258.4,253.4,1772.411
02-22-2026 15:00:00,200.7,197.9,1137.337
02-22-2026 16:00:00,145.5,167,379.946
02-22-2026 17:00:00,96.1,128.8,5.853
02-22-2026 18:00:00,27.1,28.7,0
02-22-2026 19:00:00,4.6,4,0
02-22-2026 20:00:00,4.6,4,0
02-22-2026 21:00:00,4.7,4.1,0
02-22-2026 22:00:00,4.6,4,0
02-22-2026 23:00:00,4.7,4.2,0
02-23-2026 00:00:00,4.7,4.2,0
02-23-2026 01:00:00,4.7,4.1,0
02-23-2026 02:00:00,4.8,4.2,0
02-23-2026 03:00:00,4.8,4.2,0
02-23-2026 04:00:00,4.7,4.2,0
02-23-2026 05:00:00,4.7,4.1,0
02-23-2026 06:00:00,57.5,70.9,0
02-23-2026 07:00:00,140.2,157.9,292.37
02-23-2026 08:00:00,239.3,260.5,1055.721
02-23-2026 09:00:00,403.2,391.1,1738.514
02-23-2026 10:00:00,642.3,608.9,1919.4
02-23-2026 11:00:00,769,733.4,1919.399
02-23-2026 12:00:00,874.9,867.5,1919.398
02-23-2026 13:00:00,755.4,747.6,1919.397
02-23-2026 14:00:00,609.5,611.6,1792.593
02-23-2026 15:00:00,436.2,434,1158.889
02-23-2026 16:00:00,64.8,88.6,394.694
02-23-2026 17:00:00,-48.5,-25.1,8.345
02-23-2026 18:00:00,-3.2,-0.3,0
02-23-2026 19:00:00,5.3,4.7,0
02-23-2026 20:00:00,5.2,4.5,0
02-23-2026 21:00:00,5.1,4.6,0
02-23-2026 22:00:00,5.1,4.4,0
02-23-2026 23:00:00,5.1,4.5,0
02-24-2026 00:00:00,5.1,4.5,0
02-24-2026 01:00:00,5.1,4.5,0
02-24-2026 02:00:00,5.1,4.5,0
02-24-2026 03:00:00,5.2,4.5,0
02-24-2026 04:00:00,5,4.5,0
02-24-2026 05:00:00,5.1,4.4,0
02-24-2026 06:00:00,32.3,30.9,0
02-24-2026 07:00:00,154.2,143.2,308.873
02-24-2026 08:00:00,293.7,289.7,1080.062
02-24-2026 09:00:00,379.2,405.7,1760.337
02-24-2026 10:00:00,353.9,347.6,1929.346
02-24-2026 11:00:00,290.9,283.1,1929.345
02-24-2026 12:00:00,235.5,195.1,1929.344
02-24-2026 13:00:00,200.3,113.8,1929.343
02-24-2026 14:00:00,167.4,53.7,1812.317
02-24-2026 15:00:00,117.9,34.4,1179.878
02-24-2026 16:00:00,80.6,10.7,409.34
02-24-2026 17:00:00,40.5,-29.9,10.285
02-24-2026 18:00:00,6.35,-4.7,0
02-24-2026 19:00:00,4.95,-4.2,0
02-24-2026 20:00:00,5.1,-4.2,0
02-24-2026 21:00:00,5,-4.2,0
02-24-2026 22:00:00,5.1,-4.3,0
02-24-2026 23:00:00,5.1,-4.2,0
02-25-2026 00:00:00,5.1,-4.3,0
02-25-2026 01:00:00,5.1,-4.3,0
02-25-2026 02:00:00,5.2,-4.4,0
02-25-2026 03:00:00,5.1,-4.3,0
02-25-2026 04:00:00,5,-4.3,0
02-25-2026 05:00:00,5.2,-4.2,0
02-25-2026 06:00:00,-38,23.7,0
02-25-2026 07:00:00,97,88.1,325.791
02-25-2026 08:00:00,389.3,140,1104.591
02-25-2026 09:00:00,580.6,-68.625,1782.146
02-25-2026 10:00:00,55.1,1577.325,1939.192
02-25-2026 11:00:00,1785.4,1722.2,1939.19
02-25-2026 12:00:00,1809.1,1727.1,1939.189
02-25-2026 13:00:00,1665,1588.5,1939.188
02-25-2026 14:00:00,1366,1298.1,1831.86
02-25-2026 15:00:00,856.8,822.5,1200.739
02-25-2026 16:00:00,274.2,267.1,424.058
02-25-2026 17:00:00,19.4,19.6,12.271
02-25-2026 18:00:00,-0.5,-0.2,0
02-25-2026 19:00:00,0,0,0
02-25-2026 20:00:00,0,0,0
02-25-2026 21:00:00,0,0,0
02-25-2026 22:00:00,0,0,0
02-25-2026 23:00:00,0,0,0
02-26-2026 00:00:00,0,0,0
02-26-2026 01:00:00,0,0,0
02-26-2026 02:00:00,0,0,0
02-26-2026 03:00:00,0,0,0
02-26-2026 04:00:00,0,0,0
02-26-2026 05:00:00,0,0,0
02-26-2026 06:00:00,20.6,20,0
02-26-2026 07:00:00,231.5,210.5,343.203
02-26-2026 08:00:00,766,711.9,1129.57
02-26-2026 09:00:00,574.8,548.1,1804.344
02-26-2026 10:00:00,649.1,621.3,1949.324
02-26-2026 11:00:00,547.2,525,1949.323
02-26-2026 12:00:00,803.8,775.1,1949.322
02-26-2026 13:00:00,1176.5,1106.8,1949.32
02-26-2026 14:00:00,504.3,486.4,1848.545
02-26-2026 15:00:00,272.7,262.7,1221.76
02-26-2026 16:00:00,201.8,195.5,438.947
02-26-2026 17:00:00,35.6,34.6,14.298
02-26-2026 18:00:00,-0.4,-0.1,0
02-26-2026 19:00:00,0,0,0
02-26-2026 20:00:00,0,0,0
02-26-2026 21:00:00,0,0,0
02-26-2026 22:00:00,0,0,0
02-26-2026 23:00:00,0,0,0
02-27-2026 00:00:00,0,0,0
02-27-2026 01:00:00,0,0,0
02-27-2026 02:00:00,0,0,0
02-27-2026 03:00:00,-0.1,0,0
02-27-2026 04:00:00,0.1,0,0
02-27-2026 05:00:00,0,0,0
02-27-2026 06:00:00,12.9,12.1,0
02-27-2026 07:00:00,187.8,165.5,361.045
02-27-2026 08:00:00,478.8,447.7,1154.768
02-27-2026 09:00:00,1066.4,1017.8,1826.572
02-27-2026 10:00:00,1567.5,1473.9,1959.361
02-27-2026 11:00:00,1686.5,1561.1,1959.36
02-27-2026 12:00:00,1551.8,1479.9,1959.359
02-27-2026 13:00:00,1217.6,1174,1959.358
02-27-2026 14:00:00,1150.9,1100.2,1864.899
02-27-2026 15:00:00,822.3,786.8,1242.696
02-27-2026 16:00:00,323,316.3,453.916
02-27-2026 17:00:00,31,30.5,16.359
02-27-2026 18:00:00,-0.3,-0.5,0
02-27-2026 19:00:00,0,0,0
02-27-2026 20:00:00,0,0,0
02-27-2026 21:00:00,0,0,0
02-27-2026 22:00:00,0,0,0
02-27-2026 23:00:00,0,0,0
02-28-2026 00:00:00,0,0,0
02-28-2026 01:00:00,0,0,0
02-28-2026 02:00:00,0,0,0
02-28-2026 03:00:00,0,0,0
02-28-2026 04:00:00,-0.1,0,0
02-28-2026 05:00:00,0.1,0,0
02-28-2026 06:00:00,35.3,33.7,1.087
02-28-2026 07:00:00,206.4,197.4,379.282
02-28-2026 08:00:00,634.6,598.2,1180.069
02-28-2026 09:00:00,706.3,677.9,1848.663
02-28-2026 10:00:00,982.3,941.1,1969.139
02-28-2026 11:00:00,949.6,907.6,1969.137
02-28-2026 12:00:00,1033.6,985.5,1969.136
02-28-2026 13:00:00,1330.9,1262.3,1969.135
02-28-2026 14:00:00,1050.7,1019,1880.976
02-28-2026 15:00:00,740.9,706.3,1263.434
02-28-2026 16:00:00,154.3,150.6,468.919
02-28-2026 17:00:00,20.1,19.4,18.449
02-28-2026 18:00:00,-1,-1.1,0
02-28-2026 19:00:00,0,0,0
02-28-2026 20:00:00,0,0,0
02-28-2026 21:00:00,0,0,0
02-28-2026 22:00:00,0,0,0
02-28-2026 23:00:00,0,0,0
03-01-2026 00:00:00,0,0,0
03-01-2026 01:00:00,0,0,0
03-01-2026 02:00:00,0,0,0
03-01-2026 03:00:00,0,0,0
03-01-2026 04:00:00,0,0,0
03-01-2026 05:00:00,0,0,0
03-01-2026 06:00:00,18.2,17.9,4.566
03-01-2026 07:00:00,290.3,258.9,397.548
03-01-2026 08:00:00,906.3,858,1204.676
03-01-2026 09:00:00,1415.1,1347.4,1867.121
03-01-2026 10:00:00,1718.6,1636.4,1975.873
03-01-2026 11:00:00,1857.4,1765.9,1975.872
03-01-2026 12:00:00,1856.2,1757.7,1975.871
03-01-2026 13:00:00,1695.2,1625.7,1975.87
03-01-2026 14:00:00,1163.5,1116.8,1895.584
03-01-2026 15:00:00,597.7,569.1,1284.174
03-01-2026 16:00:00,338.2,323.8,483.961
03-01-2026 17:00:00,19.3,18.6,20.562
03-01-2026 18:00:00,-0.5,-0.3,0
03-01-2026 19:00:00,0,0,0
03-01-2026 20:00:00,0,0,0
03-01-2026 21:00:00,0,0,0
03-01-2026 22:00:00,0,0,0
03-01-2026 23:00:00,0,0,0
03-02-2026 00:00:00,-0.1,0,0
03-02-2026 01:00:00,0.1,0,0
03-02-2026 02:00:00,0,0,0
03-02-2026 03:00:00,0,0,0
03-02-2026 04:00:00,0,0,0
03-02-2026 05:00:00,0,0,0
03-02-2026 06:00:00,20.7,20.1,8.179
03-02-2026 07:00:00,309.7,277.4,416.232
03-02-2026 08:00:00,911.3,861.3,1229.235
03-02-2026 09:00:00,1378.2,1312.6,1883.343
03-02-2026 10:00:00,1658.8,1582.6,1983.593
03-02-2026 11:00:00,1795.4,1709.7,1983.591
03-02-2026 12:00:00,1782.8,1707.3,1983.59
03-02-2026 13:00:00,1611.8,1544,1983.589
03-02-2026 14:00:00,1347.9,1290.1,1909.678
03-02-2026 15:00:00,893.2,858.1,1303.564
03-02-2026 16:00:00,353.6,346.6,498.642
03-02-2026 17:00:00,33.9,34.2,22.685
03-02-2026 18:00:00,-0.3,-0.1,0
03-02-2026 19:00:00,0,0,0
03-02-2026 20:00:00,0,0,0
03-02-2026 21:00:00,0,0,0
03-02-2026 22:00:00,0,0,0
03-02-2026 23:00:00,0,0,0
03-03-2026 00:00:00,0,0,0
03-03-2026 01:00:00,0,0,0
03-03-2026 02:00:00,0,0,0
03-03-2026 03:00:00,0,0,0
03-03-2026 04:00:00,0,0,0
03-03-2026 05:00:00,0,0,0
03-03-2026 06:00:00,3.4,3.5,10.784
03-03-2026 07:00:00,49.2,49.2,435.325
03-03-2026 08:00:00,166.1,159.3,1254.004
03-03-2026 09:00:00,308.7,297.6,1899.661
03-03-2026 10:00:00,435.2,414.2,1991.373
03-03-2026 11:00:00,475.4,454.9,1991.371
03-03-2026 12:00:00,517.6,475.7,1991.37
03-03-2026 13:00:00,536.5,506.4,1991.369
03-03-2026 14:00:00,329.8,301.3,1923.778
03-03-2026 15:00:00,165.4,157.2,1322.911
03-03-2026 16:00:00,47.3,45.6,513.385
03-03-2026 17:00:00,12,11.4,24.832
03-03-2026 18:00:00,-0.4,-0.3,0
03-03-2026 19:00:00,0,0,0
03-03-2026 20:00:00,0,0,0
03-03-2026 21:00:00,0,0,0
03-03-2026 22:00:00,0,0,0
03-03-2026 23:00:00,0,0,0
03-04-2026 00:00:00,0,0,0
03-04-2026 01:00:00,0,0,0
03-04-2026 02:00:00,0,0,0
03-04-2026 03:00:00,0,0,0
03-04-2026 04:00:00,0,0,0
03-04-2026 05:00:00,0,0,0
03-04-2026 06:00:00,3.6,3.9,13.512
03-04-2026 07:00:00,83.9,81.2,454.782
03-04-2026 08:00:00,282.9,268,1278.859
03-04-2026 09:00:00,266.3,255.5,1915.903
03-04-2026 10:00:00,426.2,410.4,1999.039
03-04-2026 11:00:00,293.9,280.1,1999.038
03-04-2026 12:00:00,422.1,399.8,1999.037
03-04-2026 13:00:00,224.7,212.8,1999.036
03-04-2026 14:00:00,151.2,145.1,1937.713
03-04-2026 15:00:00,60.8,60,1342.094
03-04-2026 16:00:00,17.4,17.6,528.138
03-04-2026 17:00:00,1.6,1.9,27.253
03-04-2026 18:00:00,-0.4,-0.2,0
03-04-2026 19:00:00,0,0,0
03-04-2026 20:00:00,0,0,0
03-04-2026 21:00:00,0,0,0
03-04-2026 22:00:00,0,0,0
03-04-2026 23:00:00,0,0,0
03-05-2026 00:00:00,0,0,0
03-05-2026 01:00:00,0,0,0
03-05-2026 02:00:00,0,0,0
03-05-2026 03:00:00,0,0,0
03-05-2026 04:00:00,0,0,0
03-05-2026 05:00:00,0,0,0
03-05-2026 06:00:00,-0.1,0,16.345
03-05-2026 07:00:00,32.5,32.3,474.541
03-05-2026 08:00:00,112.2,106.7,1303.646
03-05-2026 09:00:00,211.2,199.7,1931.859
03-05-2026 10:00:00,348.9,338,2006.382
03-05-2026 11:00:00,671.9,639.9,2006.381
03-05-2026 12:00:00,322.8,311.3,2006.38
03-05-2026 13:00:00,464.2,438,2006.379
03-05-2026 14:00:00,530.2,507.3,1951.275
03-05-2026 15:00:00,292,275.6,1360.965
03-05-2026 16:00:00,99.9,96.8,542.836
03-05-2026 17:00:00,14.6,14.1,31.646
03-05-2026 18:00:00,-0.6,-0.2,0
03-05-2026 19:00:00,0,0,0
03-05-2026 20:00:00,0,0,0
03-05-2026 21:00:00,0,0,0
03-05-2026 22:00:00,0,0,0
03-05-2026 23:00:00,0,0,0
03-06-2026 00:00:00,0,0,0
03-06-2026 01:00:00,0,0,0
03-06-2026 02:00:00,0,0,0
03-06-2026 03:00:00,0,0,0
03-06-2026 04:00:00,0,0,0
03-06-2026 05:00:00,0,0,0
03-06-2026 06:00:00,23.4,23.8,19.275
03-06-2026 07:00:00,59.1,57.4,494.646
03-06-2026 08:00:00,161.3,152.8,1328.503
03-06-2026 09:00:00,142.1,135.3,1947.759
03-06-2026 10:00:00,97.8,94.1,2013.65
03-06-2026 11:00:00,126.5,118.1,2013.649
03-06-2026 12:00:00,605.6,570,2013.647
03-06-2026 13:00:00,1244.3,1222.4,2013.646
03-06-2026 14:00:00,811.9,776.4,1964.701
03-06-2026 15:00:00,65.9,63.3,1379.679
03-06-2026 16:00:00,84.1,81.4,557.534
03-06-2026 17:00:00,2.8,3.4,36.181
03-06-2026 18:00:00,0,0,0
03-06-2026 19:00:00,0,0,0
03-06-2026 20:00:00,0,0,0
03-06-2026 21:00:00,0,0,0
03-06-2026 22:00:00,0,0,0
03-06-2026 23:00:00,0,0,0
03-07-2026 00:00:00,0,0,0
03-07-2026 01:00:00,0,0,0
03-07-2026 02:00:00,0,0,0
03-07-2026 03:00:00,0,0,0
03-07-2026 04:00:00,0,0,0
03-07-2026 05:00:00,0,0,0
03-07-2026 06:00:00,9.3,9.3,22.296
03-07-2026 07:00:00,132,127,515.086
03-07-2026 08:00:00,236,224.1,1353.422
03-07-2026 09:00:00,613.1,581.3,1963.606
03-07-2026 10:00:00,314.7,303.1,2020.854
03-07-2026 11:00:00,153.1,148,2020.853
03-07-2026 12:00:00,450.5,429.3,2020.852
03-07-2026 13:00:00,569.9,553.5,2020.85
03-07-2026 14:00:00,451,433.9,1977.999
03-07-2026 15:00:00,164.8,161.4,1398.24
03-07-2026 16:00:00,80.2,78.7,572.229
03-07-2026 17:00:00,10.6,10.2,40.81
03-07-2026 18:00:00,-0.5,0,0
03-07-2026 19:00:00,0,0,0
03-07-2026 20:00:00,0,0,0
03-07-2026 21:00:00,0,0,0
03-07-2026 22:00:00,0,0,0
03-07-2026 23:00:00,0,0,0
03-08-2026 00:00:00,0,0,0
03-08-2026 01:00:00,0,0,0
03-08-2026 03:00:00,0,0,0
03-08-2026 04:00:00,0,0,0
03-08-2026 05:00:00,0,0,0
03-08-2026 06:00:00,0,0,0
03-08-2026 07:00:00,27.8,27.7,25.368
03-08-2026 08:00:00,363.8,330.2,534.929
03-08-2026 09:00:00,992.8,940.6,1375.994
03-08-2026 10:00:00,1454,1371.2,1978.151
03-08-2026 11:00:00,1748.8,1667.3,2028.794
03-08-2026 12:00:00,1857.2,1781.3,2028.793
03-08-2026 13:00:00,1850.7,1775.7,2028.792
03-08-2026 14:00:00,1716.6,1645.7,2028.791
03-08-2026 15:00:00,1425.8,1364.4,1990.954
03-08-2026 16:00:00,917.4,883.4,1417.703
03-08-2026 17:00:00,454,439.4,587.716
03-08-2026 18:00:00,59.5,58.9,45.324
03-08-2026 19:00:00,-0.6,-1.2,0
03-08-2026 20:00:00,0,0,0
03-08-2026 21:00:00,0,0,0
03-08-2026 22:00:00,0,0,0
03-08-2026 23:00:00,0,0,0
03-09-2026 00:00:00,0,0,0
03-09-2026 01:00:00,0,0,0
03-09-2026 02:00:00,0,0,0
03-09-2026 03:00:00,0,0,0
03-09-2026 04:00:00,0,0,0
03-09-2026 05:00:00,0,0,0
03-09-2026 06:00:00,0,0,0
03-09-2026 07:00:00,48.1,43,28.912
03-09-2026 08:00:00,416.8,373.5,556.087
03-09-2026 09:00:00,987,937.9,1401.263
03-09-2026 10:00:00,1332,1270,1994.314
03-09-2026 11:00:00,1670.7,1599.6,2036.346
03-09-2026 12:00:00,1793.4,1720.9,2036.345
03-09-2026 13:00:00,1782.3,1708.1,2036.344
03-09-2026 14:00:00,1615.5,1555,2036.342
03-09-2026 15:00:00,1199.7,1145.2,2001.456
03-09-2026 16:00:00,823.7,783.5,1436.288
03-09-2026 17:00:00,412.5,395.6,602.543
03-09-2026 18:00:00,54.9,53.6,49.288
03-09-2026 19:00:00,-0.3,0,0
03-09-2026 20:00:00,0,0,0
03-09-2026 21:00:00,0,0,0
03-09-2026 22:00:00,0,0,0
03-09-2026 23:00:00,0,0,0
03-10-2026 00:00:00,0,0,0
03-10-2026 01:00:00,0,0,0
03-10-2026 02:00:00,0,0,0
03-10-2026 03:00:00,0,0,0
03-10-2026 04:00:00,0,0,0
03-10-2026 05:00:00,0,0,0
03-10-2026 06:00:00,0,0,0
03-10-2026 07:00:00,51.2,46.8,35.478
03-10-2026 08:00:00,398.6,359.9,577.556
03-10-2026 09:00:00,853.3,788.5,1426.582
03-10-2026 10:00:00,584.2,579.5,2007.332
03-10-2026 11:00:00,388.4,363.2,2043.873
03-10-2026 12:00:00,879.4,814.1,2043.872
03-10-2026 13:00:00,1109.9,1046.6,2043.871
03-10-2026 14:00:00,1055.6,1019.8,2043.87
03-10-2026 15:00:00,711.6,667.7,2011.9
03-10-2026 16:00:00,331.4,313.5,1454.739
03-10-2026 17:00:00,146.8,141.8,617.363
03-10-2026 18:00:00,20.2,18.9,53.309
03-10-2026 19:00:00,-0.3,-0.6,0
03-10-2026 20:00:00,0,0,0
03-10-2026 21:00:00,0,0,0
03-10-2026 22:00:00,0,0,0
03-10-2026 23:00:00,0,0,0
03-11-2026 00:00:00,0,0,0
03-11-2026 01:00:00,0,0,0
03-11-2026 02:00:00,0,0,0
03-11-2026 03:00:00,0,0,0
03-11-2026 04:00:00,0,0,0
03-11-2026 05:00:00,0,0,0
03-11-2026 06:00:00,0,0,0
03-11-2026 07:00:00,2.2,2.2,42.421
03-11-2026 08:00:00,49.6,49,599.344
03-11-2026 09:00:00,98.4,94.2,1451.997
03-11-2026 10:00:00,90.1,85.9,2019.265
03-11-2026 11:00:00,115.9,111.1,2051.466
03-11-2026 12:00:00,165.6,158.8,2051.465
03-11-2026 13:00:00,400.6,384.2,2051.464
03-11-2026 14:00:00,270.7,260.3,2051.463
03-11-2026 15:00:00,159.5,151.9,2022.373
03-11-2026 16:00:00,303.3,292.3,1473.114
03-11-2026 17:00:00,262.2,250.3,632.198
03-11-2026 18:00:00,38.5,37.5,57.383
03-11-2026 19:00:00,-0.6,-0.3,0
03-11-2026 20:00:00,0,0,0
03-11-2026 21:00:00,0,0,0
03-11-2026 22:00:00,0,0,0
03-11-2026 23:00:00,0,0,0
03-12-2026 00:00:00,0,0,0
03-12-2026 01:00:00,0,0,0
03-12-2026 02:00:00,0,0,0
03-12-2026 03:00:00,0,0,0
03-12-2026 04:00:00,0,0,0
03-12-2026 05:00:00,0,0,0
03-12-2026 06:00:00,0,0,0
03-12-2026 07:00:00,69.9,61.5,48.968
03-12-2026 08:00:00,485.2,426.6,621.427
03-12-2026 09:00:00,1095.4,1041.9,1477.469
03-12-2026 10:00:00,1558.8,1477.1,2031.214
03-12-2026 11:00:00,1829.3,1744.3,2059.084
03-12-2026 12:00:00,1911.3,1823.2,2059.083
03-12-2026 13:00:00,1907.3,1819.2,2059.082
03-12-2026 14:00:00,1781.3,1709.1,2059.08
03-12-2026 15:00:00,1222.7,1167.9,2032.834
03-12-2026 16:00:00,705.7,670.9,1491.384
03-12-2026 17:00:00,153.5,147.1,647.032
03-12-2026 18:00:00,25.2,24.6,61.505
03-12-2026 19:00:00,-0.6,-0.5,0
03-12-2026 20:00:00,0,0,0
03-12-2026 21:00:00,0,0,0
03-12-2026 22:00:00,0,0,0
03-12-2026 23:00:00,-0.1,0,0
03-13-2026 00:00:00,0.1,0,0
03-13-2026 01:00:00,0,0,0
03-13-2026 02:00:00,0,0,0
03-13-2026 03:00:00,0,0,0
03-13-2026 04:00:00,0,0,0
03-13-2026 05:00:00,0,0,0
03-13-2026 06:00:00,0,0,0
03-13-2026 07:00:00,60,55.8,55.202
03-13-2026 08:00:00,376.7,348.1,643.786
03-13-2026 09:00:00,418.7,405.4,1502.978
03-13-2026 10:00:00,124.2,113.3,2043.173
03-13-2026 11:00:00,0,0,2066.721
03-13-2026 12:00:00,0,0,2066.719
03-13-2026 13:00:00,0,0,2066.719
03-13-2026 14:00:00,0,0,2066.717
03-13-2026 15:00:00,0,0,2043.277
03-13-2026 16:00:00,0,0,1509.541
03-13-2026 17:00:00,0,0,661.857
03-13-2026 18:00:00,0,0,65.672
03-13-2026 19:00:00,0,0,0
03-13-2026 20:00:00,0,-0.1,0
03-13-2026 21:00:00,0,0.1,0
03-13-2026 22:00:00,0,0,0
03-13-2026 23:00:00,0,0,0
03-14-2026 00:00:00,0,0,0
03-14-2026 01:00:00,0,0,0
03-14-2026 02:00:00,0,0,0
03-14-2026 03:00:00,0,0,0
03-14-2026 04:00:00,0,0,0
03-14-2026 05:00:00,-0.1,0,0
03-14-2026 06:00:00,0.1,0,0
03-14-2026 07:00:00,0,0,61.65
03-14-2026 08:00:00,0,0,666.387
03-14-2026 09:00:00,0,0,1528.469
03-14-2026 10:00:00,0,0,2055.08
03-14-2026 11:00:00,0,0,2074.317
03-14-2026 12:00:00,0,0,2074.316
03-14-2026 13:00:00,0,0,2074.315
03-14-2026 14:00:00,0,0,2074.314
03-14-2026 15:00:00,0,0,2053.643
03-14-2026 16:00:00,0,0,1527.538
03-14-2026 17:00:00,0,0,676.651
03-14-2026 18:00:00,0,0,69.882
03-14-2026 19:00:00,0,0,0
03-14-2026 20:00:00,0,0,0
03-14-2026 21:00:00,0,0,0
03-14-2026 22:00:00,0,0,0
03-14-2026 23:00:00,0,0,0
03-15-2026 00:00:00,0,0,0
03-15-2026 01:00:00,0,0,0
03-15-2026 02:00:00,0,0,0
03-15-2026 03:00:00,0,0,0
03-15-2026 04:00:00,0,0,0
03-15-2026 05:00:00,0,0,0
03-15-2026 06:00:00,0,0,0
03-15-2026 07:00:00,0,0,68.302
03-15-2026 08:00:00,0,0,689.212
03-15-2026 09:00:00,0,0,1553.93
03-15-2026 10:00:00,0,0,2066.939
03-15-2026 11:00:00,0,0,2081.881
03-15-2026 12:00:00,0,0,2081.879
03-15-2026 13:00:00,0,0,2081.878
03-15-2026 14:00:00,0,0,2081.877
03-15-2026 15:00:00,0,0,2063.938
03-15-2026 16:00:00,0,0,1545.379
03-15-2026 17:00:00,0,0,691.411
03-15-2026 18:00:00,0,0,74.132
03-15-2026 19:00:00,0,0,0
03-15-2026 20:00:00,0,0,0
03-15-2026 21:00:00,0,-0.1,0
03-15-2026 22:00:00,0,0.1,0
03-15-2026 23:00:00,0,0,0
03-16-2026 00:00:00,0,0,0
03-16-2026 01:00:00,-0.1,0,0
03-16-2026 02:00:00,0.1,0,0
03-16-2026 03:00:00,0,0,0
03-16-2026 04:00:00,0,0,0
03-16-2026 05:00:00,0,0,0
03-16-2026 06:00:00,0,0,0
03-16-2026 07:00:00,0,0,75.152
03-16-2026 08:00:00,0,0,712.263
03-16-2026 09:00:00,0,-0.1,1579.395
03-16-2026 10:00:00,0,0,2078.718
03-16-2026 11:00:00,0,0.1,2089.352
03-16-2026 12:00:00,0,0,2089.351
03-16-2026 13:00:00,0,0,2089.35
03-16-2026 14:00:00,0,0,2089.348
03-16-2026 15:00:00,0,0,2074.132
03-16-2026 16:00:00,0,0,1563.105
03-16-2026 17:00:00,0,0,706.151
03-16-2026 18:00:00,0,0,78.424
03-16-2026 19:00:00,0,0,0
03-16-2026 20:00:00,0,0,0
03-16-2026 21:00:00,0,0,0
03-16-2026 22:00:00,0,0,0
03-16-2026 23:00:00,0,0,0
03-17-2026 00:00:00,0,0,0
03-17-2026 01:00:00,0,0,0
03-17-2026 02:00:00,0,0,0
03-17-2026 03:00:00,0,0,0
03-17-2026 04:00:00,0,0,0
03-17-2026 05:00:00,0,0,0
03-17-2026 06:00:00,0,0,0
03-17-2026 07:00:00,0,0,82.197
03-17-2026 08:00:00,0,0,735.506
03-17-2026 09:00:00,0,0,1604.817
03-17-2026 10:00:00,0,0,2090.37
03-17-2026 11:00:00,0,0,2096.687
03-17-2026 12:00:00,0,0,2096.686
03-17-2026 13:00:00,0,0,2096.684
03-17-2026 14:00:00,0,0,2096.683
03-17-2026 15:00:00,0,0,2084.181
03-17-2026 16:00:00,0,0,1580.683
03-17-2026 17:00:00,0,0,720.854
03-17-2026 18:00:00,0,0,83.159
03-17-2026 19:00:00,0,0,0
03-17-2026 20:00:00,0,0,0
03-17-2026 21:00:00,0,0,0
03-17-2026 22:00:00,0,0,0
03-17-2026 23:00:00,0,0,0
03-18-2026 00:00:00,0,0,0
03-18-2026 01:00:00,0,0,0
03-18-2026 02:00:00,0,0,0
03-18-2026 03:00:00,0,0,0
03-18-2026 04:00:00,0,0,0
03-18-2026 05:00:00,0,0,0
03-18-2026 06:00:00,0,0,0
03-18-2026 07:00:00,0,0,90.005
03-18-2026 08:00:00,0,0,758.839
03-18-2026 09:00:00,0,0,1629.998
03-18-2026 10:00:00,33.5,164.5,2101.744
03-18-2026 11:00:00,1027.3,982,2103.766
03-18-2026 12:00:00,1880.3,1800.3,2103.765
03-18-2026 13:00:00,1746.7,1671.8,2103.763
03-18-2026 14:00:00,1785.5,1722.1,2103.762
03-18-2026 15:00:00,1496.6,1433.6,2093.936
03-18-2026 16:00:00,1090.9,1042.8,1597.93
03-18-2026 17:00:00,546,528.6,735.433
03-18-2026 18:00:00,98,95.6,89.33
03-18-2026 19:00:00,-0.3,-0.2,0
03-18-2026 20:00:00,0,0,0
03-18-2026 21:00:00,0,0,0
03-18-2026 22:00:00,0,0,0
03-18-2026 23:00:00,0,0,0
03-19-2026 00:00:00,0,0,0
03-19-2026 01:00:00,0,0,0
03-19-2026 02:00:00,0,0,0
03-19-2026 03:00:00,0,0,0
03-19-2026 04:00:00,0,0,0
03-19-2026 05:00:00,0,0,0
03-19-2026 06:00:00,0.4,0.4,0
03-19-2026 07:00:00,99.9,93.9,100.471
03-19-2026 08:00:00,249.5,237.8,782.313
03-19-2026 09:00:00,877.6,833.9,1655.081
03-19-2026 10:00:00,1492.7,1423.5,2110.798
03-19-2026 11:00:00,1741.4,1663,2110.796
03-19-2026 12:00:00,1841.6,1767.5,2110.795
03-19-2026 13:00:00,1819.8,1746.3,2110.794
03-19-2026 14:00:00,1676.9,1607.1,2110.793
03-19-2026 15:00:00,1424.1,1360.8,2103.602
03-19-2026 16:00:00,939.9,899.3,1614.998
03-19-2026 17:00:00,403.7,388.2,749.954
03-19-2026 18:00:00,109.7,105.3,95.638
03-19-2026 19:00:00,-0.2,0.1,0
03-19-2026 20:00:00,0,0,0
03-19-2026 21:00:00,0,0,0
03-19-2026 22:00:00,0,0,0
03-19-2026 23:00:00,0,0,0
03-20-2026 00:00:00,0,0,0
03-20-2026 01:00:00,0,0,0
03-20-2026 02:00:00,0,0,0
03-20-2026 03:00:00,0,0,0
03-20-2026 04:00:00,0,0,0
03-20-2026 05:00:00,0,0,0
03-20-2026 06:00:00,0,0.1,0
03-20-2026 07:00:00,73.9,71.2,111.396
03-20-2026 08:00:00,318.2,301.1,805.998
03-20-2026 09:00:00,883.2,840.1,1680.245
03-20-2026 10:00:00,1071.3,1024.7,2118.022
03-20-2026 11:00:00,1497.2,1421.7,2118.021
03-20-2026 12:00:00,1737.2,1659.7,2118.019
03-20-2026 13:00:00,1620.3,1545,2118.018
03-20-2026 14:00:00,1569.4,1499.4,2118.017
03-20-2026 15:00:00,1367.8,1305.5,2113.421
03-20-2026 16:00:00,879.1,841.5,1632.072
03-20-2026 17:00:00,318,304.6,764.502
03-20-2026 18:00:00,72,69.4,102.057
03-20-2026 19:00:00,-0.8,-0.4,0
03-20-2026 20:00:00,0,0,0
03-20-2026 21:00:00,0,0,0
03-20-2026 22:00:00,0,0,0
03-20-2026 23:00:00,0,0,0
03-21-2026 00:00:00,0,0,0
03-21-2026 01:00:00,0,0,0
03-21-2026 02:00:00,0,0,0
03-21-2026 03:00:00,0,0,0
03-21-2026 04:00:00,0,0,0
03-21-2026 05:00:00,0,0,0
03-21-2026 06:00:00,0,0.1,0
03-21-2026 07:00:00,45.7,44.8,122.469
03-21-2026 08:00:00,400.3,371.5,829.805
03-21-2026 09:00:00,1030,958.2,1705.323
03-21-2026 10:00:00,886.4,848.6,2125.241
03-21-2026 11:00:00,864.8,822.6,2125.24
03-21-2026 12:00:00,1808.5,1730,2125.238
03-21-2026 13:00:00,1825,1756.7,2125.237
03-21-2026 14:00:00,1704.3,1640.5,2125.236
03-21-2026 15:00:00,1425.6,1369,2123.194
03-21-2026 16:00:00,937.5,895.3,1649
03-21-2026 17:00:00,499.3,483.5,779.003
03-21-2026 18:00:00,94.8,91.7,108.556
03-21-2026 19:00:00,0.7,1.2,0
03-21-2026 20:00:00,0,0,0
03-21-2026 21:00:00,0,0,0
03-21-2026 22:00:00,0,0,0
03-21-2026 23:00:00,0,0,0
03-22-2026 00:00:00,0,0,0
03-22-2026 01:00:00,0,0,0
03-22-2026 02:00:00,0,0,0
03-22-2026 03:00:00,0,0,0
03-22-2026 04:00:00,0,0,0
03-22-2026 05:00:00,0,0,0
03-22-2026 06:00:00,0.6,0.6,0
03-22-2026 07:00:00,90.4,86.8,132.984
03-22-2026 08:00:00,291.1,276.1,853.634
03-22-2026 09:00:00,630.4,597.6,1729.895
03-22-2026 10:00:00,781.2,749.3,2132.794
03-22-2026 11:00:00,817.4,782.4,2132.793
03-22-2026 12:00:00,952,905.5,2132.792
03-22-2026 13:00:00,660.6,638,2132.791
03-22-2026 14:00:00,375.5,359.8,2132.789
03-22-2026 15:00:00,395.2,377.3,2132.788
03-22-2026 16:00:00,188.5,183.3,1665.414
03-22-2026 17:00:00,63.1,60.7,793.429
03-22-2026 18:00:00,17.4,16.9,115.186
03-22-2026 19:00:00,-0.5,-0.1,0
03-22-2026 20:00:00,0,0,0
03-22-2026 21:00:00,0,0,0
03-22-2026 22:00:00,0,0,0
03-22-2026 23:00:00,0,0,0
03-23-2026 00:00:00,0,0,0
03-23-2026 01:00:00,0,0,0
03-23-2026 02:00:00,0,0,0
03-23-2026 03:00:00,0,0,0
03-23-2026 04:00:00,-0.1,0,0
03-23-2026 05:00:00,0.1,0,0
03-23-2026 06:00:00,1,1,0
03-23-2026 07:00:00,87.3,88.5,143.807
03-23-2026 08:00:00,629.5,615,877.652
03-23-2026 09:00:00,1158.3,1279.8,1754.579
03-23-2026 10:00:00,1675.7,1714.1,2140.632
03-23-2026 11:00:00,1804.7,1916,2140.631
03-23-2026 12:00:00,1934.7,1937.3,2140.63
03-23-2026 13:00:00,1908.5,1915.2,2140.629
03-23-2026 14:00:00,1632.8,1861.3,2140.627
03-23-2026 15:00:00,1581.8,1590.9,2140.626
03-23-2026 16:00:00,1163.8,1168.8,1681.898
03-23-2026 17:00:00,595.5,602.1,807.907
03-23-2026 18:00:00,126.5,127.7,121.414
03-23-2026 19:00:00,0.2,0.4,0
03-23-2026 20:00:00,0,0,0
03-23-2026 21:00:00,0,0,0
03-23-2026 22:00:00,0,0,0
03-23-2026 23:00:00,0,0,0
03-24-2026 00:00:00,0,0,0
03-24-2026 01:00:00,0,0,0
03-24-2026 02:00:00,0,0,0
03-24-2026 03:00:00,0,0,0
03-24-2026 04:00:00,0,0,0
03-24-2026 05:00:00,0,0,0
03-24-2026 06:00:00,2.9,3.1,0
03-24-2026 07:00:00,147.9,143.9,154.905
03-24-2026 08:00:00,585.3,576.8,901.732
03-24-2026 09:00:00,1209.6,1212.6,1779.143
03-24-2026 10:00:00,1436.8,1444.8,2148.478
03-24-2026 11:00:00,1443.8,1457.6,2148.477
03-24-2026 12:00:00,1219.3,1235.7,2148.476
03-24-2026 13:00:00,932.8,945.9,2148.474
03-24-2026 14:00:00,764.5,769.4,2148.473
03-24-2026 15:00:00,708.8,710.4,2148.472
03-24-2026 16:00:00,1124.4,1142.3,1698.237
03-24-2026 17:00:00,476.4,474.7,822.332
03-24-2026 18:00:00,96.7,97,127.575
03-24-2026 19:00:00,0.6,0.8,0
03-24-2026 20:00:00,0,-0.1,0
03-24-2026 21:00:00,0,0.1,0
03-24-2026 22:00:00,0,0,0
03-24-2026 23:00:00,0,0,0
03-25-2026 00:00:00,0,0,0
03-25-2026 01:00:00,0,0,0
03-25-2026 02:00:00,0,0,0
03-25-2026 03:00:00,0,0,0
03-25-2026 04:00:00,0,0,0
03-25-2026 05:00:00,0,0,0
03-25-2026 06:00:00,2.2,2.3,0
03-25-2026 07:00:00,158.2,156.8,166.264
03-25-2026 08:00:00,470.5,468.1,925.852
03-25-2026 09:00:00,919.2,926.7,1803.566
03-25-2026 10:00:00,1350,1365.1,2156.321
03-25-2026 11:00:00,1565.1,1584.7,2156.32
03-25-2026 12:00:00,1497.7,1498,2156.319
03-25-2026 13:00:00,1681.7,1705.4,2156.317
03-25-2026 14:00:00,1381.2,1398.8,2156.316
03-25-2026 15:00:00,1269.9,1276.4,2156.315
03-25-2026 16:00:00,937.9,941.7,1714.421
03-25-2026 17:00:00,420.5,423.9,836.699
03-25-2026 18:00:00,117.9,119.2,133.801
03-25-2026 19:00:00,0.6,0.8,0
03-25-2026 20:00:00,0,0,0
03-25-2026 21:00:00,0,0,0
03-25-2026 22:00:00,0,0,0
03-25-2026 23:00:00,0,0,0
03-26-2026 00:00:00,0,0,0
03-26-2026 01:00:00,0,0,0
03-26-2026 02:00:00,0,0,0
03-26-2026 03:00:00,0,0,0
03-26-2026 04:00:00,0,0,0
03-26-2026 05:00:00,0,0,0
03-26-2026 06:00:00,3.5,3.7,0
03-26-2026 07:00:00,170.7,164.9,177.875
03-26-2026 08:00:00,554.8,547.2,949.996
03-26-2026 09:00:00,1086.6,1091.7,1827.843
03-26-2026 10:00:00,1180.1,1185.2,2164.167
03-26-2026 11:00:00,814,838,2164.165
03-26-2026 12:00:00,921.9,927.4,2164.164
03-26-2026 13:00:00,1598.8,1600.4,2164.163
03-26-2026 14:00:00,535.2,541.9,2164.162
03-26-2026 15:00:00,534.7,535.4,2164.16
03-26-2026 16:00:00,241.2,246.1,1730.455
03-26-2026 17:00:00,203.7,202.8,851.007
03-26-2026 18:00:00,21.8,22.6,140.089
03-26-2026 19:00:00,-0.5,0,0
03-26-2026 20:00:00,0,0,0
03-26-2026 21:00:00,0,0,0
03-26-2026 22:00:00,0,0,0
03-26-2026 23:00:00,0,0,0
03-27-2026 00:00:00,0,0,0
03-27-2026 01:00:00,0,0,0
03-27-2026 02:00:00,0,0,0
03-27-2026 03:00:00,0,0,0
03-27-2026 04:00:00,0,0,0
03-27-2026 05:00:00,0,0,0
03-27-2026 06:00:00,3.3,3.5,0
03-27-2026 07:00:00,117.5,119.4,190.682
03-27-2026 08:00:00,708.9,697.7,974.096
03-27-2026 09:00:00,1296.4,1299.8,1851.871
03-27-2026 10:00:00,1518.3,1520.1,2171.908
03-27-2026 11:00:00,1915.9,1927.1,2171.907
03-27-2026 12:00:00,1937.5,1939.2,2171.906
03-27-2026 13:00:00,1938,1938.7,2171.904
03-27-2026 14:00:00,1548.1,1546.5,2171.903
03-27-2026 15:00:00,1243.8,1282.7,2171.902
03-27-2026 16:00:00,1199.2,1159.6,1746.253
03-27-2026 17:00:00,665.4,688.2,865.213
03-27-2026 18:00:00,160.8,163,146.428
03-27-2026 19:00:00,3,3.5,0
03-27-2026 20:00:00,0,0.1,0
03-27-2026 21:00:00,0,0,0
03-27-2026 22:00:00,0,0,0
03-27-2026 23:00:00,0,0,0
03-28-2026 00:00:00,0,0,0
03-28-2026 01:00:00,0,0,0
03-28-2026 02:00:00,0,-0.1,0
03-28-2026 03:00:00,0,0.1,0
03-28-2026 04:00:00,0,0,0
03-28-2026 05:00:00,0,0,0
03-28-2026 06:00:00,8.3,8.5,0
03-28-2026 07:00:00,231,215.3,205.518
03-28-2026 08:00:00,753.1,737.4,998.092
03-28-2026 09:00:00,1312.2,1318.9,1875.56
03-28-2026 10:00:00,1707.1,1717.1,2179.454
03-28-2026 11:00:00,1905.7,1916.1,2179.452
03-28-2026 12:00:00,1934.4,1937.9,2179.451
03-28-2026 13:00:00,1934,1937.9,2179.45
03-28-2026 14:00:00,1882.3,1900.6,2179.448
03-28-2026 15:00:00,1612.4,1628.5,2179.447
03-28-2026 16:00:00,1109,1110.2,1761.739
03-28-2026 17:00:00,569.5,585.1,879.276
03-28-2026 18:00:00,115.5,117.2,152.81
03-28-2026 19:00:00,0.6,1,0
03-28-2026 20:00:00,0,0,0
03-28-2026 21:00:00,0,0,0
03-28-2026 22:00:00,0,0,0
03-28-2026 23:00:00,0,0,0
03-29-2026 00:00:00,0,0,0
03-29-2026 01:00:00,0,0,0
03-29-2026 02:00:00,0,0,0
03-29-2026 03:00:00,0,0,0
03-29-2026 04:00:00,0,0,0
03-29-2026 05:00:00,0,0,0
03-29-2026 06:00:00,4.3,4.6,0
03-29-2026 07:00:00,160.1,159.5,220.799
03-29-2026 08:00:00,571.8,569.5,1022.048
03-29-2026 09:00:00,1084.9,1071.7,1899.058
03-29-2026 10:00:00,1328.1,1344.5,2186.992
03-29-2026 11:00:00,1291.1,1271.1,2186.991
03-29-2026 12:00:00,1319.6,1349,2186.99
03-29-2026 13:00:00,1362,1368.6,2186.988
03-29-2026 14:00:00,940.6,953.1,2186.987
03-29-2026 15:00:00,630.9,638.1,2186.986
03-29-2026 16:00:00,362,366.6,1777.066
03-29-2026 17:00:00,134.5,135.7,893.27
03-29-2026 18:00:00,26.8,27.8,159.245
03-29-2026 19:00:00,-0.4,-0.2,0
03-29-2026 20:00:00,0,0,0
03-29-2026 21:00:00,0,0,0
03-29-2026 22:00:00,-0.1,0,0
03-29-2026 23:00:00,0.1,0,0
03-30-2026 00:00:00,0,0,0
03-30-2026 01:00:00,0,0,0
03-30-2026 02:00:00,0,0,0
03-30-2026 03:00:00,-0.1,0,0
03-30-2026 04:00:00,0.1,0,0
03-30-2026 05:00:00,0,0,0
03-30-2026 06:00:00,2.1,2.3,0
03-30-2026 07:00:00,54.4,55.6,236.475
03-30-2026 08:00:00,478.4,473.1,1046.143
03-30-2026 09:00:00,955.7,962.8,1919.224
03-30-2026 10:00:00,1504.3,1522.5,2194.937
03-30-2026 11:00:00,1745.9,1757.8,2194.935
03-30-2026 12:00:00,1814.6,1828.2,2194.934
03-30-2026 13:00:00,1830.3,1856,2194.933
03-30-2026 14:00:00,1696.8,1711.9,2194.931
03-30-2026 15:00:00,1426.9,1431.6,2194.93
03-30-2026 16:00:00,981.6,1007.9,1792.569
03-30-2026 17:00:00,486.4,492.5,907.363
03-30-2026 18:00:00,134.5,133.3,165.762
03-30-2026 19:00:00,2.9,3.3,0
03-30-2026 20:00:00,0,0,0
03-30-2026 21:00:00,0,0,0
03-30-2026 22:00:00,0,0,0
03-30-2026 23:00:00,0,0,0
03-31-2026 00:00:00,0,0,0
03-31-2026 01:00:00,0,0,0
03-31-2026 02:00:00,0,0,0
03-31-2026 03:00:00,0,0,0
03-31-2026 04:00:00,0,0,0
03-31-2026 05:00:00,0,0,0
03-31-2026 06:00:00,2.7,3,0
03-31-2026 07:00:00,27,28.4,251.924
03-31-2026 08:00:00,393.2,395.7,1070.174
03-31-2026 09:00:00,29.9,31.2,1939.006
03-31-2026 10:00:00,75.6,77.1,2202.88
03-31-2026 11:00:00,295.9,297.5,2202.878
03-31-2026 12:00:00,597.1,603.5,2202.877
03-31-2026 13:00:00,478.7,478.2,2202.876
03-31-2026 14:00:00,241.6,246.1,2202.875
03-31-2026 15:00:00,84.8,87.7,2202.874
03-31-2026 16:00:00,128.6,131.8,1807.922
03-31-2026 17:00:00,191.5,195.5,921.392
03-31-2026 18:00:00,31.8,32.7,173.172
03-31-2026 19:00:00,1,1.3,0
03-31-2026 20:00:00,0,0,0
03-31-2026 21:00:00,0,0,0
03-31-2026 22:00:00,0,0,0
03-31-2026 23:00:00,0,0,0
04-01-2026 00:00:00,0,0,0
04-01-2026 01:00:00,0,0,0
04-01-2026 02:00:00,0,0,0
04-01-2026 03:00:00,0,0,0
04-01-2026 04:00:00,0,0,0
04-01-2026 05:00:00,0,0,0
04-01-2026 06:00:00,0.3,0.4,0
04-01-2026 07:00:00,30.1,31.4,267.144
04-01-2026 08:00:00,143.7,144.8,1093.425
04-01-2026 09:00:00,212.2,213.5,1957.662
04-01-2026 10:00:00,508.2,516.9,2211.875
04-01-2026 11:00:00,525.1,538.2,2211.874
04-01-2026 12:00:00,470.1,474,2211.873
04-01-2026 13:00:00,503.4,510,2211.872
04-01-2026 14:00:00,434.6,438.3,2211.87
04-01-2026 15:00:00,367,369.7,2211.869
04-01-2026 16:00:00,522.9,526.2,1822.867
04-01-2026 17:00:00,262.4,264,935.594
04-01-2026 18:00:00,51.5,52.4,181.432
04-01-2026 19:00:00,-0.4,0.2,0
04-01-2026 20:00:00,0,0,0
04-01-2026 21:00:00,0,0,0
04-01-2026 22:00:00,0,0,0
04-01-2026 23:00:00,0,0,0
04-02-2026 00:00:00,0,0,0
04-02-2026 01:00:00,0,0,0
04-02-2026 02:00:00,0,0,0
04-02-2026 03:00:00,0,0,0
04-02-2026 04:00:00,0,0,0
04-02-2026 05:00:00,0,0,0
04-02-2026 06:00:00,0.3,0.4,0
04-02-2026 07:00:00,24.9,25.9,282.765
04-02-2026 08:00:00,98.2,97.5,1117.521
04-02-2026 09:00:00,235.6,236.6,1977.58
04-02-2026 10:00:00,583.6,586,2220.368
04-02-2026 11:00:00,741.7,767.7,2220.366
04-02-2026 12:00:00,479.3,489.1,2220.365
04-02-2026 13:00:00,602.1,609.7,2220.364
04-02-2026 14:00:00,371.8,376.3,2220.363
04-02-2026 15:00:00,217.7,218.6,2220.361
04-02-2026 16:00:00,181.2,182,1838.339
04-02-2026 17:00:00,149.3,151.6,949.712
04-02-2026 18:00:00,220.4,221.7,189.758
04-02-2026 19:00:00,1.4,1.2,0
04-02-2026 20:00:00,0,0,0
04-02-2026 21:00:00,0,0,0
04-02-2026 22:00:00,0,0,0
04-02-2026 23:00:00,0,0,0
04-03-2026 00:00:00,0,0,0
04-03-2026 01:00:00,0,0,0
04-03-2026 02:00:00,0,0,0
04-03-2026 03:00:00,0,0,0
04-03-2026 04:00:00,0,0,0
04-03-2026 05:00:00,0,0,0
04-03-2026 06:00:00,5.1,5.7,0
04-03-2026 07:00:00,99.2,101.1,298.629
04-03-2026 08:00:00,236.4,235.6,1141.521
04-03-2026 09:00:00,627.9,630.8,1997.35
04-03-2026 10:00:00,1173.4,1130.5,2228.873
04-03-2026 11:00:00,1631.5,1568.5,2228.871
04-03-2026 12:00:00,1483.3,1492.3,2228.87
04-03-2026 13:00:00,1445.4,1445,2228.869
04-03-2026 14:00:00,732.8,726.6,2228.867
04-03-2026 15:00:00,472.8,473.2,2228.866
04-03-2026 16:00:00,593.9,590.7,1853.676
04-03-2026 17:00:00,275.9,279.3,963.772
04-03-2026 18:00:00,94.6,97.2,198.197
04-03-2026 19:00:00,4.1,4.6,0
04-03-2026 20:00:00,0,0,0
04-03-2026 21:00:00,0,0,0
04-03-2026 22:00:00,0,0,0
04-03-2026 23:00:00,0,0,0
04-04-2026 00:00:00,0,0,0
04-04-2026 01:00:00,0,0,0
04-04-2026 02:00:00,0,0,0
04-04-2026 03:00:00,0,0,0
04-04-2026 04:00:00,0,0,0
04-04-2026 05:00:00,0,0,0
04-04-2026 06:00:00,0.6,0.7,0
04-04-2026 07:00:00,40,41.1,314.721
04-04-2026 08:00:00,118.1,117,1165.415
04-04-2026 09:00:00,84.6,84.6,2016.97
04-04-2026 10:00:00,197.4,201.7,2237.396
04-04-2026 11:00:00,383.7,380.4,2237.395
04-04-2026 12:00:00,557.2,573.2,2237.394
04-04-2026 13:00:00,785,782.9,2237.392
04-04-2026 14:00:00,717.4,702.6,2237.391
04-04-2026 15:00:00,555,559.6,2237.39
04-04-2026 16:00:00,207.3,214.2,1868.886
04-04-2026 17:00:00,89.8,90.8,977.778
04-04-2026 18:00:00,67.1,68.8,206.731
04-04-2026 19:00:00,4.3,4.8,0
04-04-2026 20:00:00,0,0,0
04-04-2026 21:00:00,0,0,0
04-04-2026 22:00:00,0,0,0
04-04-2026 23:00:00,0,0,0
04-05-2026 00:00:00,0,0,0
04-05-2026 01:00:00,0,0,0
04-05-2026 02:00:00,0,0,0
04-05-2026 03:00:00,0,0,0
04-05-2026 04:00:00,0,0,0
04-05-2026 05:00:00,0,0,0
04-05-2026 06:00:00,11.8,12.5,0.928
04-05-2026 07:00:00,224.5,217,331.009
04-05-2026 08:00:00,424.7,427.5,1189.134
04-05-2026 09:00:00,1095.9,1040,2036.347
04-05-2026 10:00:00,1656.7,1695.2,2245.84
04-05-2026 11:00:00,1878.8,1884.8,2245.839
04-05-2026 12:00:00,1918.8,1923.9,2245.838
04-05-2026 13:00:00,1934.3,1937.7,2245.836
04-05-2026 14:00:00,1909.3,1916.8,2245.835
04-05-2026 15:00:00,1688.4,1694.5,2245.834
04-05-2026 16:00:00,1268,1271.6,1883.886
04-05-2026 17:00:00,709.7,715.6,991.686
04-05-2026 18:00:00,189.2,190.7,215.337
04-05-2026 19:00:00,7.6,8.2,0
04-05-2026 20:00:00,0,0,0
04-05-2026 21:00:00,0,0,0
04-05-2026 22:00:00,0,0,0
04-05-2026 23:00:00,0,0,0
04-06-2026 00:00:00,0,0,0
04-06-2026 01:00:00,0,0,0
04-06-2026 02:00:00,0,0,0
04-06-2026 03:00:00,0,0,0
04-06-2026 04:00:00,0,0,0
04-06-2026 05:00:00,0,0,0
04-06-2026 06:00:00,19.6,20,3.372
04-06-2026 07:00:00,272.9,259.1,347.466
04-06-2026 08:00:00,559.9,559.4,1212.63
04-06-2026 09:00:00,1065.6,1008.9,2055.418
04-06-2026 10:00:00,1231.9,1256.9,2254.146
04-06-2026 11:00:00,1188.7,1234.6,2254.144
04-06-2026 12:00:00,1320.8,1336.1,2254.143
04-06-2026 13:00:00,1181.5,1193,2254.142
04-06-2026 14:00:00,997.8,1011.3,2254.14
04-06-2026 15:00:00,1388.1,1379.8,2254.139
04-06-2026 16:00:00,1169,1116,1898.628
04-06-2026 17:00:00,716,704.8,1005.468
04-06-2026 18:00:00,189.3,195.8,224.002
04-06-2026 19:00:00,5.7,6.2,0
04-06-2026 20:00:00,0,0,0
04-06-2026 21:00:00,0,0,0
04-06-2026 22:00:00,0,0,0
04-06-2026 23:00:00,0,0,0
04-07-2026 00:00:00,0,0,0
04-07-2026 01:00:00,0,0,0
04-07-2026 02:00:00,0,0,0
04-07-2026 03:00:00,0,0,0
04-07-2026 04:00:00,0,0,0
04-07-2026 05:00:00,0,0,0
04-07-2026 06:00:00,23.8,23.2,6.019
04-07-2026 07:00:00,296.6,279.2,364.098
04-07-2026 08:00:00,898.3,893.2,1235.97
04-07-2026 09:00:00,1462,1468.5,2074.314
04-07-2026 10:00:00,1823,1837.4,2262.463
04-07-2026 11:00:00,1932.3,1936.5,2262.462
04-07-2026 12:00:00,1938.8,1934,2262.461
04-07-2026 13:00:00,1938.2,1941,2262.459
04-07-2026 14:00:00,1891.4,1900.5,2262.458
04-07-2026 15:00:00,1627.6,1637.4,2262.457
04-07-2026 16:00:00,1150.4,1152.4,1913.238
04-07-2026 17:00:00,617.5,623.2,1019.19
04-07-2026 18:00:00,215.3,216.6,232.733
04-07-2026 19:00:00,12.4,13.1,0
04-07-2026 20:00:00,0,0,0
04-07-2026 21:00:00,-0.1,0,0
04-07-2026 22:00:00,0.1,0,0
04-07-2026 23:00:00,0,0,0
04-08-2026 00:00:00,0,0,0
04-08-2026 01:00:00,0,0,0
04-08-2026 02:00:00,0,0,0
04-08-2026 03:00:00,0,0,0
04-08-2026 04:00:00,0,0,0
04-08-2026 05:00:00,0,0,0
04-08-2026 06:00:00,38.2,38.9,8.796
04-08-2026 07:00:00,243.3,243.2,380.891
04-08-2026 08:00:00,518.1,512.3,1259.15
04-08-2026 09:00:00,1113.5,1121,2093.049
04-08-2026 10:00:00,1702.2,1716.9,2270.814
04-08-2026 11:00:00,1848.8,1870.2,2270.812
04-08-2026 12:00:00,1420.5,1430.8,2270.811
04-08-2026 13:00:00,1493,1505.6,2270.81
04-08-2026 14:00:00,1720.1,1715.2,2270.809
04-08-2026 15:00:00,1603.3,1621.8,2270.807
04-08-2026 16:00:00,1192.7,1205.1,1927.735
04-08-2026 17:00:00,674.6,684.1,1032.861
04-08-2026 18:00:00,185.4,188,241.455
04-08-2026 19:00:00,5,5.4,0
04-08-2026 20:00:00,0,0,0
04-08-2026 21:00:00,0,0,0
04-08-2026 22:00:00,0,0,0
04-08-2026 23:00:00,0,0,0
04-09-2026 00:00:00,0,0,0
04-09-2026 01:00:00,0,0,0
04-09-2026 02:00:00,0,0,0
04-09-2026 03:00:00,0,0,0
04-09-2026 04:00:00,0,0,0
04-09-2026 05:00:00,0,0,0
04-09-2026 06:00:00,17.5,17.8,11.658
04-09-2026 07:00:00,110.4,111.8,397.837
04-09-2026 08:00:00,80.5,81.9,1282.182
04-09-2026 09:00:00,280.7,278,2111.655
04-09-2026 10:00:00,986.5,973.3,2279.237
04-09-2026 11:00:00,1575.5,1554.3,2279.236
04-09-2026 12:00:00,1299.7,1285.4,2279.235
04-09-2026 13:00:00,1011.1,1010.7,2279.233
04-09-2026 14:00:00,437.3,428,2279.232
04-09-2026 15:00:00,569,562.3,2279.231
04-09-2026 16:00:00,469.7,467.9,1942.156
04-09-2026 17:00:00,136.7,138.4,1046.501
04-09-2026 18:00:00,38.1,39.4,249.884
04-09-2026 19:00:00,0.9,1.1,0
04-09-2026 20:00:00,0,0,0
04-09-2026 21:00:00,0,0,0
04-09-2026 22:00:00,0,0,0
04-09-2026 23:00:00,0,0,0
04-10-2026 00:00:00,0,0,0
04-10-2026 01:00:00,0,0,0
04-10-2026 02:00:00,0,0,0
04-10-2026 03:00:00,0,0,0
04-10-2026 04:00:00,0,0,0
04-10-2026 05:00:00,0,0,0
04-10-2026 06:00:00,4.4,4.5,14.255
04-10-2026 07:00:00,56.1,57,414.92
04-10-2026 08:00:00,74.1,75.7,1305.055
04-10-2026 09:00:00,284.7,277.5,2130.129
04-10-2026 10:00:00,470.6,477.7,2287.735
04-10-2026 11:00:00,351.8,346.8,2287.734
04-10-2026 12:00:00,667.3,679.9,2287.732
04-10-2026 13:00:00,745.6,749.3,2287.731
04-10-2026 14:00:00,326.9,331.2,2287.73
04-10-2026 15:00:00,299,300.8,2287.729
04-10-2026 16:00:00,459.4,468.5,1956.502
04-10-2026 17:00:00,614.4,591.6,1060.111
04-10-2026 18:00:00,212.9,213.1,258.386
04-10-2026 19:00:00,11.9,12.4,0
04-10-2026 20:00:00,0,0,0
04-10-2026 21:00:00,0,0,0
04-10-2026 22:00:00,0,0,0
04-10-2026 23:00:00,0,0,0
04-11-2026 00:00:00,0,0,0
04-11-2026 01:00:00,0,0,0
04-11-2026 02:00:00,0,0,0
04-11-2026 03:00:00,0,0,0
04-11-2026 04:00:00,0,0,0
04-11-2026 05:00:00,0,0,0
04-11-2026 06:00:00,34.7,33.9,16.466
04-11-2026 07:00:00,321.3,305.3,432.126
04-11-2026 08:00:00,879.1,874.7,1327.768
04-11-2026 09:00:00,1394.2,1394.5,2148.483
04-11-2026 10:00:00,1470.2,1482.3,2296.323
04-11-2026 11:00:00,1508,1512.4,2296.322
04-11-2026 12:00:00,1573.5,1582.4,2296.321
04-11-2026 13:00:00,1455.2,1465.2,2296.319
04-11-2026 14:00:00,1286.2,1296,2296.318
04-11-2026 15:00:00,1115.6,1126.5,2296.317
04-11-2026 16:00:00,559.7,565.5,1970.791
04-11-2026 17:00:00,230.9,233.1,1073.699
04-11-2026 18:00:00,61.4,61.9,266.963
04-11-2026 19:00:00,1.1,1.8,0
04-11-2026 20:00:00,0,0,0
04-11-2026 21:00:00,0,0,0
04-11-2026 22:00:00,0,0,0
04-11-2026 23:00:00,0,0,0
04-12-2026 00:00:00,0,0,0
04-12-2026 01:00:00,0,0,0
04-12-2026 02:00:00,0,0,0
04-12-2026 03:00:00,0,0,0
04-12-2026 04:00:00,-0.1,0,0
04-12-2026 05:00:00,0.1,0,0
04-12-2026 06:00:00,33.9,33.8,18.732
04-12-2026 07:00:00,282.7,276.1,449.481
04-12-2026 08:00:00,706.9,712.5,1350.437
04-12-2026 09:00:00,1200.7,1200.2,2164.541
04-12-2026 10:00:00,1278.1,1287.5,2305.216
04-12-2026 11:00:00,1477.3,1493.7,2305.215
04-12-2026 12:00:00,1251.5,1278.9,2305.213
04-12-2026 13:00:00,1338.5,1368.2,2305.212
04-12-2026 14:00:00,1171.9,1184.9,2305.21
04-12-2026 15:00:00,1040.1,1057.1,2305.209
04-12-2026 16:00:00,637,641.5,1985.208
04-12-2026 17:00:00,217.6,218.5,1087.367
04-12-2026 18:00:00,47.6,48.1,275.639
04-12-2026 19:00:00,0.6,1.2,0
04-12-2026 20:00:00,0,0,0
04-12-2026 21:00:00,0,0,0
04-12-2026 22:00:00,0,-0.1,0
04-12-2026 23:00:00,0,0.1,0
04-13-2026 00:00:00,0,0,0
04-13-2026 01:00:00,0,0,0
04-13-2026 02:00:00,0,0,0
04-13-2026 03:00:00,0,0,0
04-13-2026 04:00:00,0,0,0
04-13-2026 05:00:00,0,0,0
04-13-2026 06:00:00,10.1,10.5,21.046
04-13-2026 07:00:00,67.6,68.5,466.934
04-13-2026 08:00:00,186.3,188.7,1372.944
04-13-2026 09:00:00,380,382.5,2179.884
04-13-2026 10:00:00,630.9,633.2,2314.223
04-13-2026 11:00:00,631.5,633.3,2314.221
04-13-2026 12:00:00,825,825.7,2314.22
04-13-2026 13:00:00,674.5,679.4,2314.219
04-13-2026 14:00:00,606.9,612.1,2314.217
04-13-2026 15:00:00,1272.4,1292.3,2314.216
04-13-2026 16:00:00,620.9,631.4,1999.594
04-13-2026 17:00:00,322.8,326.5,1101.029
04-13-2026 18:00:00,112.7,114.4,284.391
04-13-2026 19:00:00,12.1,12.6,0
04-13-2026 20:00:00,-0.1,0,0
04-13-2026 21:00:00,0,0,0
04-13-2026 22:00:00,0,0,0
04-13-2026 23:00:00,0,0,0
04-14-2026 00:00:00,0,0,0
04-14-2026 01:00:00,0,0,0
04-14-2026 02:00:00,0,0,0
04-14-2026 03:00:00,0,0,0
04-14-2026 04:00:00,0,0,0
04-14-2026 05:00:00,0,0,0
04-14-2026 06:00:00,0.9,0.8,23.551
04-14-2026 07:00:00,21.5,21.6,484.439
04-14-2026 08:00:00,89.6,91.8,1395.194
04-14-2026 09:00:00,1033.1,1033.3,2195.056
04-14-2026 10:00:00,1551.5,1543.7,2323.199
04-14-2026 11:00:00,1665.8,1680.4,2323.198
04-14-2026 12:00:00,1698.8,1704.8,2323.196
04-14-2026 13:00:00,1629.8,1651.4,2323.195
04-14-2026 14:00:00,1281.9,1279.5,2323.194
04-14-2026 15:00:00,1126.5,1118.5,2323.192
04-14-2026 16:00:00,778.3,795.9,2013.825
04-14-2026 17:00:00,513,530.3,1114.617
04-14-2026 18:00:00,156.8,157.3,293.202
04-14-2026 19:00:00,7.3,7.3,0.536
04-14-2026 20:00:00,0,0,0
04-14-2026 21:00:00,0,0,0
04-14-2026 22:00:00,0,0,0
04-14-2026 23:00:00,0,0,0
04-15-2026 00:00:00,0,0,0
04-15-2026 01:00:00,0,0,0
04-15-2026 02:00:00,0,0,0
04-15-2026 03:00:00,0,0,0
04-15-2026 04:00:00,0,0,0
04-15-2026 05:00:00,0,0,0
04-15-2026 06:00:00,22.5,22.8,27.956
04-15-2026 07:00:00,193.1,186.2,501.931
04-15-2026 08:00:00,131.7,131.8,1417.051
04-15-2026 09:00:00,122.8,123.6,2209.858
04-15-2026 10:00:00,151.8,152.9,2331.939
04-15-2026 11:00:00,500.7,504,2331.938
04-15-2026 12:00:00,340,339,2331.937
04-15-2026 13:00:00,391.8,382.6,2331.935
04-15-2026 14:00:00,619.7,609,2331.934
04-15-2026 15:00:00,952.7,934.2,2331.932
04-15-2026 16:00:00,614.4,595.1,2027.723
04-15-2026 17:00:00,445.6,441.8,1128.031
04-15-2026 18:00:00,209.1,208.8,302.042
04-15-2026 19:00:00,14.1,14.6,1.837
04-15-2026 20:00:00,0,0,0
04-15-2026 21:00:00,0,0,0
04-15-2026 22:00:00,0,0,0
04-15-2026 23:00:00,0,0,0
04-16-2026 00:00:00,0,0,0
04-16-2026 01:00:00,0,0,0
04-16-2026 02:00:00,0,0,0
04-16-2026 03:00:00,0,0,0
04-16-2026 04:00:00,0,0,0
04-16-2026 05:00:00,0,0,0
04-16-2026 06:00:00,9.1,9.1,32.521
04-16-2026 07:00:00,103,103.3,518.113
04-16-2026 08:00:00,390.4,385,1434.971
04-16-2026 09:00:00,618,607,2218.737
04-16-2026 10:00:00,566.4,555.1,2334.515
04-16-2026 11:00:00,266.9,273.5,2334.514
04-16-2026 12:00:00,1027.7,1003.7,2334.512
04-16-2026 13:00:00,1150.3,1158.2,2334.511
04-16-2026 14:00:00,1547.9,1536.8,2334.51
04-16-2026 15:00:00,1473.6,1391.7,2334.508
04-16-2026 16:00:00,1044.7,1025.8,2036.285
04-16-2026 17:00:00,709,710.7,1138.469
04-16-2026 18:00:00,225.3,226.3,310.146
04-16-2026 19:00:00,15.6,16.3,3.213
04-16-2026 20:00:00,-0.2,-0.2,0
04-16-2026 21:00:00,0,0,0
04-16-2026 22:00:00,0,0,0
04-16-2026 23:00:00,0,0,0
04-17-2026 00:00:00,0,0,0
04-17-2026 01:00:00,0,0,0
04-17-2026 02:00:00,0,0,0
04-17-2026 03:00:00,0,0,0
04-17-2026 04:00:00,0,0,0
04-17-2026 05:00:00,0,0,0
04-17-2026 06:00:00,49.3,45.7,37.231
04-17-2026 07:00:00,373.8,356.4,534.254
04-17-2026 08:00:00,829.7,825.6,1452.651
04-17-2026 09:00:00,1137.2,1142.1,2227.607
04-17-2026 10:00:00,1263.9,1284.4,2337.275
04-17-2026 11:00:00,1801.8,1810.5,2337.273
04-17-2026 12:00:00,1544.8,1553.5,2337.272
04-17-2026 13:00:00,1767.3,1741.8,2337.271
04-17-2026 14:00:00,1389.4,1418.2,2337.27
04-17-2026 15:00:00,1252.4,1263.1,2337.268
04-17-2026 16:00:00,1112.2,1128.9,2043.804
04-17-2026 17:00:00,341.2,346.1,1148.89
04-17-2026 18:00:00,87.8,89.1,318.291
04-17-2026 19:00:00,5.9,6.2,4.644
04-17-2026 20:00:00,0,0,0
04-17-2026 21:00:00,0,0,0
04-17-2026 22:00:00,0,0,0
04-17-2026 23:00:00,0,0,0
04-18-2026 00:00:00,0,0,0
04-18-2026 01:00:00,0,0,0
04-18-2026 02:00:00,0,0,0
04-18-2026 03:00:00,0,0,0
04-18-2026 04:00:00,0,0,0
04-18-2026 05:00:00,0,0,0
04-18-2026 06:00:00,14.3,14.4,42.037
04-18-2026 07:00:00,153.2,149.5,550.322
04-18-2026 08:00:00,470.2,469.2,1470.036
04-18-2026 09:00:00,656.8,651.4,2236.386
04-18-2026 10:00:00,1094.7,1060.2,2340.133
04-18-2026 11:00:00,1594.8,1598.4,2340.131
04-18-2026 12:00:00,1746.7,1726.2,2340.13
04-18-2026 13:00:00,1760.6,1750.1,2340.128
04-18-2026 14:00:00,1541.8,1560.8,2340.127
04-18-2026 15:00:00,1250.3,1258.1,2340.126
04-18-2026 16:00:00,1348.1,1361.3,2051.084
04-18-2026 17:00:00,820.3,823.6,1159.255
04-18-2026 18:00:00,266.7,259.7,326.466
04-18-2026 19:00:00,21.7,22.6,6.112
04-18-2026 20:00:00,-0.2,-0.1,0
04-18-2026 21:00:00,0,0,0
04-18-2026 22:00:00,0,0,0
04-18-2026 23:00:00,-0.1,0,0
04-19-2026 00:00:00,0.1,0,0
04-19-2026 01:00:00,0,0,0
04-19-2026 02:00:00,0,0,0
04-19-2026 03:00:00,0,0,0
04-19-2026 04:00:00,0,0,0
04-19-2026 05:00:00,0,0,0
04-19-2026 06:00:00,68.9,63.1,46.909
04-19-2026 07:00:00,427,406,566.297
04-19-2026 08:00:00,774.2,775.8,1487.111
04-19-2026 09:00:00,1062.8,1055.2,2245.059
04-19-2026 10:00:00,1119.4,1130.5,2343.072
04-19-2026 11:00:00,948.6,952.1,2343.07
04-19-2026 12:00:00,923.2,975.9,2343.069
04-19-2026 13:00:00,1131.7,1194.1,2343.067
04-19-2026 14:00:00,1092,1149.8,2343.066
04-19-2026 15:00:00,918.3,969.5,2343.065
04-19-2026 16:00:00,783.3,829.8,2058.326
04-19-2026 17:00:00,661.2,683.3,1169.558
04-19-2026 18:00:00,147.3,159.8,334.67
04-19-2026 19:00:00,26.2,28.2,7.606
04-19-2026 20:00:00,-0.1,0,0
04-19-2026 21:00:00,0,0,0
04-19-2026 22:00:00,0,0,0
04-19-2026 23:00:00,0,0,0
04-20-2026 00:00:00,0,0,0
04-20-2026 01:00:00,0,0,0
04-20-2026 02:00:00,0,0,0
04-20-2026 03:00:00,0,0,0
04-20-2026 04:00:00,0,0,0
04-20-2026 05:00:00,0,0,0
04-20-2026 06:00:00,64.9,61.3,51.83
04-20-2026 07:00:00,415.2,407,582.164
04-20-2026 08:00:00,977.2,1017.9,1503.875
04-20-2026 09:00:00,1249.3,1320.3,2253.63
04-20-2026 10:00:00,1747.3,1849.5,2346.096
04-20-2026 11:00:00,1836.1,1934.5,2346.095
04-20-2026 12:00:00,1842.3,1939.9,2346.093
04-20-2026 13:00:00,1841.2,1939.1,2346.092
04-20-2026 14:00:00,1804.2,1913.7,2346.091
04-20-2026 15:00:00,1590.5,1690.9,2346.089
04-20-2026 16:00:00,1223.2,1298.1,2065.537
04-20-2026 17:00:00,632.4,675.4,1179.803
04-20-2026 18:00:00,355.2,373.9,342.901
04-20-2026 19:00:00,34.3,37.2,9.118
04-20-2026 20:00:00,-0.3,-0.1,0
04-20-2026 21:00:00,0,0,0
04-20-2026 22:00:00,0,0,0
04-20-2026 23:00:00,0,0,0
04-21-2026 00:00:00,0,0,0
04-21-2026 01:00:00,0,0,0
04-21-2026 02:00:00,0,0,0
04-21-2026 03:00:00,0,0,0
04-21-2026 04:00:00,0,0,0
04-21-2026 05:00:00,0.1,0,0
04-21-2026 06:00:00,56.6,58,56.704
04-21-2026 07:00:00,407.5,412.5,598.216
04-21-2026 08:00:00,854.6,887.8,1520.869
04-21-2026 09:00:00,1347.6,1413.6,2262.26
04-21-2026 10:00:00,1589.3,1683.8,2348.878
04-21-2026 11:00:00,1786.1,1890.2,2348.876
04-21-2026 12:00:00,1805.2,1902.1,2348.875
04-21-2026 13:00:00,1734.1,1828.4,2348.874
04-21-2026 14:00:00,1685.4,1774.9,2348.872
04-21-2026 15:00:00,304.7,317.2,2348.871
04-21-2026 16:00:00,213.2,221.9,2073.098
04-21-2026 17:00:00,284,300.9,1190.456
04-21-2026 18:00:00,186.8,198.3,351.373
04-21-2026 19:00:00,20.3,22.2,10.658
04-21-2026 20:00:00,-0.5,-0.4,0
04-21-2026 21:00:00,0,0,0
04-21-2026 22:00:00,0,0,0
04-21-2026 23:00:00,0,0,0
04-22-2026 00:00:00,0,0,0
04-22-2026 01:00:00,0,0,0
04-22-2026 02:00:00,0,0,0
04-22-2026 03:00:00,0,0,0
04-22-2026 04:00:00,0,0,0
04-22-2026 05:00:00,0.3,0.3,0
04-22-2026 06:00:00,64.8,65.4,61.237
04-22-2026 07:00:00,361.8,360.5,614.427
04-22-2026 08:00:00,741.9,778.5,1538.056
04-22-2026 09:00:00,645.9,688.4,2270.962
04-22-2026 10:00:00,703,754.7,2351.483
04-22-2026 11:00:00,175,421.4,2351.481
04-22-2026 12:00:00,"","",2351.48
04-22-2026 13:00:00,"","",2351.479
04-22-2026 14:00:00,"","",2351.477
04-22-2026 15:00:00,"","",2351.476
04-22-2026 16:00:00,"","",2080.998
04-22-2026 17:00:00,"","",1201.487
04-22-2026 18:00:00,"","",360.073
04-22-2026 19:00:00,"","",12.228
04-22-2026 20:00:00,"","",0
04-22-2026 21:00:00,"","",0
04-22-2026 22:00:00,"","",0
04-22-2026 23:00:00,"","",0